appetizers,complete,1
appetizers,single,0
appetizers,edible,1
appetizers,homemade,1
appetizers,remaining,0
appetizers,spicy,0
appetizers,salted,0
appetizers,inspired,1
appetizers,multiple,0
appetizers,roasted,0
appetizers,baked,0
appetizers,true,1
appetizers,extra,1
appetizers,summery,1
appetizers,raw,-1
appetizers,flaming,0
appetizers,tasty,1
appetizers,light,1
appetizers,basic,-1
appetizers,mediterranean,0
appetizers,bold,0
appetizers,buttery,0
appetizers,unexciting,-1
appetizers,doughy,0
appetizers,subtle,1
appetizers,enormous,1
appetizers,flavorless,-1
appetizers,global,0
appetizers,mexican,0
appetizers,alright,1
appetizers,inedible,-1
appetizers,indian,0
appetizers,thawed,-1
appetizers,crispy,0
appetizers,double,1
appetizers,organic,1
appetizers,bavarian,0
appetizers,unique,1
appetizers,select,0
appetizers,personal,1
appetizers,15th,0
appetizers,thai,0
appetizers,average,0
appetizers,chinese,0
appetizers,seared,0
appetizers,southwestern,0
appetizers,slovenian,0
appetizers,colossal,1
appetizers,smoked,0
appetizers,extensive,1
appetizers,vast,1
appetizers,coming,0
appetizers,green,0
appetizers,sounding,1
appetizers,poached,0
appetizers,standby,0
appetizers,surprising,1
appetizers,standard,0
appetizers,rectangular,0
appetizers,hungry,-1
appetizers,in-between,0
appetizers,automatic,0
appetizers,eclectic,1
appetizers,usual,0
appetizers,tasteless,-1
appetizers,uninspired,-1
appetizers,simple,-1
appetizers,jumbo,1
appetizers,salty,0
appetizers,regular,0
appetizers,flavorful,1
asian,sizzling,0
asian,unmemorable,-1
asian,fruity,0
asian,featured,0
asian,separate,0
asian,rolling,0
asian,waterlogged,-1
asian,rubbery,0
asian,monthly,0
asian,surprised,0
asian,silky,1
asian,oily,-1
asian,slimy,-1
asian,textured,0
asian,steamy,0
asian,roasted,0
asian,so-so,-1
asian,sitting,1
asian,covered,0
asian,orange-red,0
asian,original,1
asian,hearty,1
asian,leaning,0
asian,world-class,1
asian,flavorless,-1
asian,soggy,0
asian,unappetizing,-1
asian,uninspired,-1
asian,forgettable,-1
asian,italian,0
asian,edible,1
asian,korean,0
asian,passable,1
asian,comparable,0
asian,spanish,0
asian,runny,0
asian,coming,0
asian,numerous,1
asian,shitty,-1
asian,aromatic,0
asian,double,0
asian,saucy,0
asian,enormous,1
asian,massive,1
asian,indian,0
asian,prior,0
asian,normal,0
asian,common,0
asian,fishy,0
asian,japanese,0
asian,clubby,1
asian,thinking,1
asian,inedible,-1
asian,orange,0
asian,leftover,0
asian,3,-1
asian,tiny,-1
asian,meaning,1
asian,tasteless,-1
asian,copious,1
asian,meaty,0
asian,soupy,0
asian,moderate,-1
asian,nearby,1
asian,puffy,-1
asian,quick,1
asian,accompanying,0
asian,fuller,0
asian,detailed,1
asian,palatable,1
asian,nontraditional,0
asian,smoky,-1
asian,swimming,0
asian,artistic,1
asian,specific,0
asian,prepared,0
asian,expert,1
asian,a-ok,1
asian,no-frills,0
asian,scrumptious,1
atmosphere,electronic,0
atmosphere,clubby,1
atmosphere,alive,1
atmosphere,edgy,-1
atmosphere,weirdest,-1
atmosphere,open-air,0
atmosphere,social,0
atmosphere,irreverent,-1
atmosphere,claustrophobic,-1
atmosphere,historic,0
atmosphere,minimalist,0
atmosphere,musical,1
atmosphere,preferred,1
atmosphere,minor,0
atmosphere,shitty,-1
atmosphere,unimpressive,-1
atmosphere,aforementioned,0
atmosphere,short,-1
atmosphere,retro,0
atmosphere,tremendous,1
atmosphere,timeless,0
atmosphere,giant,1
atmosphere,sensual,1
atmosphere,uptight,-1
atmosphere,formal,1
atmosphere,english,0
atmosphere,spacey,-1
atmosphere,sterile,-1
atmosphere,masculine,0
atmosphere,muted,-1
atmosphere,spare,0
atmosphere,latin,0
atmosphere,industrial,0
atmosphere,chatty,1
atmosphere,gray,0
atmosphere,distinct,0
atmosphere,fighting,0
atmosphere,packed,0
atmosphere,quasi,0
atmosphere,tropical,0
atmosphere,arabic,0
atmosphere,pentatonic,0
atmosphere,total,0
atmosphere,pricy,-1
atmosphere,professional,1
atmosphere,indistinct,-1
atmosphere,absolute,0
atmosphere,wider,1
atmosphere,cultural,0
atmosphere,befitting,0
atmosphere,baked,0
atmosphere,worldly,-1
atmosphere,subtle,1
atmosphere,surprising,1
atmosphere,contrary,0
atmosphere,quality,1
atmosphere,crispy,0
atmosphere,padded,1
atmosphere,low-level,1
atmosphere,metropolitan,0
atmosphere,apt,1
atmosphere,southwest,0
atmosphere,obstreperous,-1
atmosphere,salty,0
atmosphere,comparable,0
atmosphere,underground,0
atmosphere,victorian,0
atmosphere,dry,1
atmosphere,tasteless,-1
atmosphere,eclectic,1
atmosphere,mediterranean,0
atmosphere,contemporary,0
atmosphere,reminiscent,1
atmosphere,indoor,0
atmosphere,interior,0
atmosphere,commensurate,1
atmosphere,fourth,0
atmosphere,characteristic,1
atmosphere,screaming,-1
atmosphere,raucous,-1
atmosphere,sound,1
atmosphere,recorded,0
atmosphere,active,0
atmosphere,personable,1
atmosphere,unmatchable,1
atmosphere,glary,0
atmosphere,blasting,0
atmosphere,pink,0
atmosphere,airy,1
atmosphere,busy,-1
atmosphere,acoustic,0
atmosphere,yummy,1
atmosphere,kitschy,0
atmosphere,outdoor,0
atmosphere,secret,0
atmosphere,soothing,1
atmosphere,independent,0
atmosphere,offbeat,-1
atmosphere,nostalgic,1
atmosphere,arty,-1
atmosphere,gay,0
atmosphere,sizable,0
atmosphere,homey,1
atmosphere,visual,0
atmosphere,potential,0
atmosphere,earthy,-1
atmosphere,european,0
atmosphere,parisian,0
atmosphere,mellow,1
atmosphere,bearable,1
atmosphere,celtic,0
atmosphere,outdated,-1
atmosphere,prefab,0
atmosphere,tasty,1
atmosphere,mystical,1
atmosphere,narrow,-1
atmosphere,thumping,1
atmosphere,cuban,0
atmosphere,ultramodern,0
atmosphere,intoxicating,-1
atmosphere,changing,0
atmosphere,indie,0
atmosphere,private,0
atmosphere,regular,0
atmosphere,overhead,0
atmosphere,late,-1
atmosphere,minimal,0
atmosphere,sitting,1
atmosphere,home-style,1
atmosphere,accommodating,0
atmosphere,wooden,0
atmosphere,stranded,0
atmosphere,iffy,-1
atmosphere,fit,1
atmosphere,prepared,0
atmosphere,darkish,-1
atmosphere,flavorful,1
atmosphere,unpretentious,1
atmosphere,conducive,1
atmosphere,well-worn,1
atmosphere,splashy,-1
atmosphere,sparse,-1
atmosphere,plain,-1
atmosphere,located,0
atmosphere,global,0
atmosphere,old-time,0
atmosphere,causal,0
atmosphere,slight,-1
atmosphere,whimsical,-1
atmosphere,classical,0
atmosphere,forgotten,-1
atmosphere,incongruent,-1
atmosphere,uncluttered,1
atmosphere,breezy,1
atmosphere,western,0
atmosphere,antiseptic,1
atmosphere,rowdy,-1
atmosphere,touristy,0
atmosphere,uninspired,-1
atmosphere,ceramic,0
atmosphere,quintessential,1
atmosphere,everyday,0
atmosphere,close,1
atmosphere,yellow,0
atmosphere,extra,1
atmosphere,usual,0
atmosphere,double,0
atmosphere,original,1
atmosphere,low-key,-1
atmosphere,obligatory,0
atmosphere,thematic,0
atmosphere,homely,1
atmosphere,sounding,1
atmosphere,entire,0
atmosphere,snug,1
bar,prissy,-1
bar,oversized,-1
bar,legal,0
bar,brazilian,0
bar,quick,1
bar,french,0
bar,hidden,0
bar,alternative,0
bar,segmented,0
bar,loudest,-1
bar,straight,0
bar,located,0
bar,bearded,1
bar,public,0
bar,huge,1
bar,pert,0
bar,snotty,-1
bar,left,0
bar,female,0
bar,east,0
bar,bald,0
bar,experienced,1
bar,short,-1
bar,rowdy,-1
bar,cordial,1
bar,domestic,0
bar,established,0
bar,english,0
bar,circular,0
bar,run-of-the-mill,-1
bar,standard,0
bar,unobtrusive,1
bar,actual,0
bar,suburban,0
bar,professional,1
bar,matching,1
bar,unintentional,0
bar,gay,0
bar,numerous,1
bar,ultimate,1
bar,simple,-1
bar,expected,0
bar,antique,0
bar,stocked,1
bar,outgoing,1
bar,relaxing,1
bar,spiffy,1
bar,healthier,1
bar,liberal,0
bar,busy,-1
bar,compelling,1
bar,baked,0
bar,carbonated,0
bar,central,0
bar,welcoming,1
bar,average,0
bar,snooty,-1
bar,mid,-1
bar,tasty,1
bar,male,0
bar,apparent,0
bar,laden,-1
bar,select,0
bar,raw,-1
bar,close,1
bar,late,-1
bar,obvious,0
bar,gravitational,0
bar,quintessential,1
bar,mythic,1
bar,common,0
bar,homely,-1
bar,massive,1
bar,illuminated,1
bar,indoor,0
bar,accented,0
bar,smoked,0
bar,exact,0
bar,mellow,1
bar,shaggy,-1
bar,guiding,0
bar,sizable,0
bar,endless,0
bar,flavorful,1
bar,entire,0
bar,tiny,-1
bar,absolute,0
bar,all-time,1
bar,haunted,-1
bar,shining,1
bar,corporate,0
bar,growing,0
bar,uppity,-1
bar,glorified,1
bar,fixed,0
bar,nearby,1
bar,unfilled,1
bar,low-key,-1
bar,complete,1
bar,social,0
bar,informative,1
bar,entertained,1
bar,terminal,0
bar,damp,-1
bar,unkept,-1
bar,unique,1
bar,vaulted,0
bar,blue,0
bar,chinese,0
bar,desired,1
bar,largest,1
bar,stout,1
bar,cooler,0
bar,refrigerated,0
bar,aware,0
bar,absent,-1
bar,tall,1
bar,homey,1
bar,down-to-earth,1
bar,traditional,0
bar,stand-alone,1
bar,heavy,-1
bar,yellow,0
bar,uninterested,-1
bar,do-it-yourself,0
bar,active,0
bar,black,0
bar,u-shaped,0
bar,so-so,-1
bar,flat,-1
bar,double,0
bar,scruffy,-1
bar,chatty,1
bar,european,0
bar,walking,0
bar,closest,0
bar,local,0
booking,american,0
booking,huge,1
booking,natural,0
bread,unabated,1
bread,alright,1
bread,deluxe,1
bread,mini,0
bread,multiple,0
bread,addictive,1
bread,blue-ribbon,1
bread,standard,0
bread,conventional,0
bread,additional,0
bread,subtle,1
bread,plain,-1
bread,narrow,-1
bread,edible,1
bread,firm,1
bread,comparable,0
bread,cuban,0
bread,unadorned,0
bread,a-ok,1
bread,tangy,0
bread,indian,0
bread,green,0
bread,fantabulous,1
bread,grilled,0
bread,white,0
bread,bleached,0
bread,remaining,0
bread,desired,1
bread,aforementioned,0
bread,double,0
bread,packed,0
bread,pliable,1
bread,rolled,0
bread,slim,1
bread,crispy,0
bread,watery,-1
bread,bosnian,0
bread,leftover,0
bread,original,1
bread,ultimate,1
bread,inedible,-1
bread,sounding,1
bread,single,0
bread,marbled,0
bread,steaming,0
bread,deep,1
bread,blended,0
bread,shaped,0
bread,juicy,0
bread,soggy,0
bread,real,0
bread,average,0
bread,burnt,-1
bread,airy,0
bread,mouth-watering,0
bread,oversized,-1
bread,pink,0
bread,deep-fried,0
bread,chewy,-1
bread,spongy,1
bread,gigantic,1
bread,familiar,1
bread,random,0
bread,vietnamese,0
bread,giant,0
bread,squishy,1
bread,spicy,0
bread,quick,0
bread,crusted,0
bread,equal,0
bread,usual,0
bread,thawed,-1
bread,eyed,0
bread,identical,0
bread,cutest,1
bread,quirky,-1
bread,savory,1
bread,continuous,0
bread,alsatian,0
bread,square,0
bread,twin,0
bread,moist,-1
bread,missing,-1
bread,brownish,0
bread,akin,0
bread,buttery,0
bread,pasty,0
bread,personal,1
bread,southwest,0
bread,blue,0
bread,horny,0
bread,rancid,-1
bread,all-time,1
bread,absolute,0
bread,mild,1
bread,scrumptious,1
bread,countless,1
bread,entire,0
bread,complete,1
bread,main,0
bread,imperial,0
bread,herbaceous,0
bread,true,1
bread,untraditional,0
bread,tropical,0
bread,absent,-1
bread,imaginable,0
bread,wide,1
bread,pungent,0
bread,succulent,1
bread,impromptu,0
bread,huge,1
bread,fluffy,1
bread,total,0
bread,damp,-1
bread,striped,0
bread,pacific,0
bread,endless,0
bread,numerous,1
bread,flavorful,1
bread,wrapped,0
bread,yucky,-1
bread,aromatic,0
bread,unimaginative,-1
bread,handmade,1
bread,heavy,-1
bread,actual,0
bread,nondescript,-1
bread,made-to-order,0
bread,largest,1
bread,appetizing,1
bread,sixty-nine,0
bread,ready-made,1
bread,unremarkable,-1
breakfast,home-style,1
breakfast,prepared,0
breakfast,salty,0
breakfast,southwestern,0
breakfast,yummy,1
breakfast,spongy,1
breakfast,scrumptious,1
breakfast,healthier,1
breakfast,savory,1
breakfast,quick,1
breakfast,pedestrian,0
breakfast,leisurely,1
breakfast,eclectic,1
breakfast,fibrous,0
breakfast,random,0
breakfast,normal,0
breakfast,diverse,0
breakfast,special,1
breakfast,busy,-1
breakfast,poached,0
breakfast,flavorless,-1
breakfast,nearby,1
breakfast,sugary,0
breakfast,blazing,1
breakfast,european,0
breakfast,frequent,0
breakfast,pseudo,0
breakfast,ordinary,-1
breakfast,irish,0
breakfast,real,0
breakfast,american,0
breakfast,dry,0
breakfast,after-hours,0
breakfast,homemade,1
breakfast,flavorful,1
breakfast,all-time,1
breakfast,live,1
breakfast,light,1
breakfast,groggy,-1
breakfast,chewy,-1
breakfast,fluffy,1
breakfast,hungry,-1
breakfast,typical,0
breakfast,local,0
breakfast,outdoor,0
breakfast,western,0
breakfast,pink,0
breakfast,appetizing,1
breakfast,sunny,1
breakfast,mid,-1
breakfast,hawaiian,0
breakfast,sliced,0
breakfast,total,0
breakfast,sweeter,1
breakfast,daily,0
breakfast,andalusian,0
breakfast,olive,0
breakfast,weekly,0
breakfast,never-ending,1
building,yummy,1
building,random,0
building,raw,-1
building,wooden,0
building,normal,0
building,historic,0
building,modish,1
building,oozing,1
building,reclusive,0
building,pastel,0
building,close,1
building,corporate,0
building,giant,1
building,changing,0
building,responsible,1
building,southwestern,0
building,thrown,0
building,shaded,-1
building,uninviting,-1
building,replete,-1
building,whimsical,-1
building,foregoing,0
building,borderline,0
building,unpretentious,1
building,tasty,1
building,decided,1
building,manufactured,0
building,larger,1
building,hidden,0
building,flavorful,-1
building,black,0
building,grownup,1
building,uncommon,1
building,national,0
building,welcoming,1
building,aged,0
building,located,0
building,heated,0
building,secret,0
building,outer,0
building,fluorescent,0
building,angular,0
building,bearable,1
building,well-chosen,1
building,bold,0
building,reminiscent,1
building,interior,0
building,wide,1
building,secluded,-1
building,bavarian,0
building,prime,0
building,french,0
building,angled,0
building,decorative,0
building,heavy,-1
building,olive,0
building,earlier,0
building,enormous,1
building,natural,1
building,pristine,1
building,unappetizing,-1
building,packed,0
building,diverse,0
building,luscious,1
building,conducive,1
building,eclectic,1
building,soulless,-1
building,bigger,1
building,mild,1
building,well-appointed,1
building,undiscovered,0
building,short,-1
building,external,0
building,slight,-1
building,mixed,0
building,yellow,0
building,squat,-1
building,sterile,-1
building,previous,0
building,open-air,0
building,joint,0
building,air-conditioned,1
building,minimalist,0
building,landscaped,1
building,old-world,0
building,low-key,-1
building,pinkish,0
building,ethnic,0
building,internal,0
building,ethiopian,0
building,nondescript,-1
building,alert,0
building,personable,1
building,urban,0
building,key,1
building,understaffed,-1
building,chinese,0
building,cultural,0
building,major,0
building,comparable,0
building,hispanic,0
building,geriatric,0
building,quirky,-1
building,aforementioned,0
building,unique,1
building,extensive,1
building,organic,1
building,hearty,-1
building,rounded,0
building,overpowering,-1
building,structural,0
building,favourite,1
building,pet,0
building,gay,0
building,clubby,1
building,sparkly,1
building,sunny,1
building,clashing,0
building,prior,0
building,korean,0
building,feminine,0
building,original,1
building,faux,-1
building,generic,0
building,pedestrian,0
building,muted,-1
building,live,1
building,content,0
building,sleekest,1
building,simple,-1
building,artistic,1
building,schizophrenic,-1
building,uninteresting,-1
building,local,0
building,western,0
building,kitschy,0
building,unkept,-1
building,mellow,1
building,adjacent,0
building,dingy,-1
building,crispy,0
building,sweetest,1
building,uninspired,-1
building,relevant,1
building,grungy,-1
building,unheated,-1
building,fit,1
building,bohemian,0
building,nearby,1
building,dank,-1
building,alike,0
building,a-okay,1
building,sitting,1
building,chatty,1
building,searching,0
building,artful,1
building,late,-1
building,industrial,0
building,padded,1
building,soothing,1
building,shopworn,-1
building,vacant,1
building,abhorrent,-1
building,special,1
building,leisurely,1
building,earthy,-1
building,relaxing,1
building,accented,0
building,oriental,0
building,obvious,0
building,corny,-1
building,geometric,0
building,spicy,0
building,intact,0
building,verdant,0
building,mediterranean,0
building,persian,0
building,noth,0
building,irish,0
building,coming,0
building,spare,0
building,breezy,1
building,4th,0
building,parisian,0
building,massive,1
building,double,0
cheese,canadian,0
cheese,un-american,0
cheese,uncut,0
cheese,mixed,0
cheese,sundried,0
cheese,baked,0
cheese,combined,0
cheese,crusty,0
cheese,overpowering,-1
cheese,oozing,1
cheese,melting,1
cheese,ordinary,-1
cheese,belgian,0
cheese,actual,0
cheese,smoked,0
cheese,whatsoever,0
cheese,tangy,0
cheese,crumbly,-1
cheese,liberal,0
cheese,star,0
cheese,american,0
cheese,single,0
cheese,tasty,1
cheese,rare,-1
cheese,steamed,0
cheese,oily,-1
cheese,adult,0
cheese,tiny,-1
cheese,plain,-1
cheese,velvety,0
cheese,mellow,1
cheese,prior,0
cheese,swiss,0
cheese,salty,0
cheese,flaming,0
cheese,blue,0
cheese,homemade,1
cheese,stringy,0
cheese,chubby,0
cheese,massive,1
cheese,dry,0
cheese,aged,0
cheese,organic,1
cheese,deep,1
cheese,northern,0
cheese,yellow,0
cheese,moist,-1
cheese,roasted,0
cheese,red,0
cheese,gargantuan,1
cheese,meaty,0
cheese,wide,1
cheese,compelling,1
cheese,unstoppable,1
cheese,exotic,1
cheese,real,0
cheese,calorie-free,1
cheese,cuban,0
cheese,curdled,0
cheese,special,1
cheese,sun-dried,0
cheese,mini,0
cheese,entire,0
cheese,bubbly,0
cheese,copious,1
cheese,gooey,-1
cheese,missing,-1
cheese,standard,0
cheese,average,0
cheese,shredded,0
cheese,loaded,0
cheese,liquid,0
cheese,normal,0
cheese,pungent,0
cheese,watery,-1
cheese,soupy,0
cheese,runny,0
cheese,unmelted,0
cheese,original,1
cheese,canned,0
cheese,multiple,0
cheese,uncommon,1
cheese,edible,1
cheese,heavy,-1
cleanliness,imaginable,0
cleanliness,buttery,0
cleanliness,icky,-1
cleanliness,dank,-1
cleanliness,coming,0
cleanliness,burnt,-1
cleanliness,smoky,-1
cleanliness,grilled,0
cleanliness,artificial,0
cleanliness,metallic,0
cleanliness,stinky,-1
cleanliness,outdoor,0
cleanliness,reminiscent,1
cleanliness,homey,1
cleanliness,constant,0
cleanliness,inviting,1
cleanliness,simple,-1
cleanliness,quick,1
cleanliness,acceptable,1
cleanliness,asian,0
cleanliness,deep,-1
cleanliness,indian,0
cleanliness,heavy,-1
cleanliness,extra,1
cleanliness,putrid,-1
cleanliness,overpowering,-1
cleanliness,airy,1
cleanliness,irish,0
cleanliness,ambient,0
cleanliness,driving,0
coffee,frequent,0
coffee,fruity,0
coffee,watery,-1
coffee,unsweetened,0
coffee,plain,-1
coffee,daily,0
coffee,asian,0
coffee,casual,0
coffee,orange,0
coffee,gray,0
coffee,dutch,0
coffee,sweeter,1
coffee,savory,1
coffee,running,0
coffee,previous,0
coffee,unique,1
coffee,regular,0
coffee,hearty,1
coffee,primo,1
coffee,french,0
coffee,earthy,-1
coffee,elemental,0
coffee,velvety,0
coffee,herbal,0
coffee,italian,0
coffee,blended,0
coffee,extra,1
coffee,light,1
coffee,canned,0
coffee,giant,1
coffee,comparable,0
coffee,creamy,0
coffee,relaxing,1
coffee,soothing,1
coffee,self-service,0
coffee,endless,0
coffee,closer,1
coffee,chalky,0
coffee,snotty,1
coffee,european,0
coffee,mild,1
coffee,salted,0
coffee,indian,0
coffee,brown,0
coffee,floating,0
coffee,salty,0
coffee,basic,-1
coffee,raw,-1
coffee,kitschy,0
coffee,dry,0
coffee,tasteful,1
coffee,close,1
coffee,macho,0
coffee,tart,-1
coffee,ambrosial,0
coffee,metallic,0
coffee,specific,0
coffee,double,0
coffee,single,0
coffee,imaginable,0
coffee,cambodian,0
coffee,halfway,-1
coffee,syrupy,0
coffee,western,0
coffee,no-frills,0
coffee,boldest,1
coffee,burnt,-1
coffee,familiar,1
coffee,major,0
coffee,mexican,0
coffee,complete,1
coffee,late,-1
coffee,vast,1
coffee,tasteless,-1
coffee,polish,0
coffee,separate,0
coffee,irish,0
desserts,blue,0
desserts,shared,0
desserts,varied,0
desserts,intoxicating,-1
desserts,generic,0
desserts,firm,1
desserts,harder,1
desserts,unique,1
desserts,light,1
desserts,red,0
desserts,peppery,0
desserts,flat,-1
desserts,arabic,0
desserts,tart,-1
desserts,soggy,0
desserts,mealy,0
desserts,thiner,-1
desserts,irish,0
desserts,gigantic,1
desserts,velvety,0
desserts,glazed,0
desserts,scottish,0
desserts,soaked,-1
desserts,tangy,0
desserts,forgettable,-1
desserts,single,0
desserts,melted,0
desserts,molten,0
desserts,dichromatic,0
desserts,real,0
desserts,ceramic,0
desserts,white,0
desserts,entire,0
desserts,tiny,-1
desserts,luscious,1
desserts,sugared,0
desserts,oozing,1
desserts,additional,0
desserts,familiar,1
desserts,floppy,0
desserts,malleable,1
desserts,specific,0
desserts,browned,0
desserts,residual,0
desserts,tall,1
desserts,local,0
desserts,crumbly,-1
desserts,so-called,0
desserts,oblong,0
desserts,dry,0
desserts,special,1
desserts,giant,1
desserts,featured,0
desserts,savory,1
desserts,vast,1
desserts,upper,0
desserts,alcoholic,-1
desserts,compulsory,1
desserts,unimaginative,-1
desserts,definite,1
desserts,muscular,0
desserts,waxy,0
desserts,saucy,0
desserts,bubbly,0
desserts,gooey,-1
desserts,slight,-1
desserts,induced,1
desserts,burnt,1
desserts,italian,0
desserts,huge,1
desserts,pliable,1
desserts,casual,0
desserts,natural,1
desserts,plump,0
desserts,brown,0
desserts,steamed,0
desserts,buttery,0
desserts,diverse,0
desserts,yucky,-1
desserts,overpowering,-1
desserts,all-time,1
desserts,salty,0
desserts,smoked,0
desserts,average,0
desserts,sliced,0
desserts,simple,-1
desserts,flaming,0
desserts,personal,1
desserts,slimy,-1
desserts,well-done,1
desserts,poached,0
desserts,tasty,1
desserts,outer,0
desserts,total,0
desserts,bare,-1
desserts,whimsical,-1
desserts,caucasian,0
desserts,crescent,1
desserts,largest,1
desserts,award-winning,1
desserts,pasty,0
desserts,absolute,0
desserts,miniature,0
desserts,petite,0
desserts,normal,0
desserts,salted,0
desserts,liquid,0
desserts,final,0
desserts,sole,1
desserts,indian,0
desserts,akin,0
desserts,bigger,1
desserts,upside-down,0
desserts,packed,0
desserts,seared,0
desserts,chinese,0
desserts,plain,-1
desserts,so-so,-1
desserts,quick,1
desserts,baking,-1
desserts,edible,1
desserts,milky,0
desserts,olive,0
desserts,no-frills,0
desserts,alright,1
desserts,creamy,0
desserts,handmade,1
desserts,self-respecting,1
desserts,boxed,0
dinner,scrumptious,1
dinner,lasting,1
dinner,cooler,0
dinner,average,0
dinner,starry,1
dinner,absolute,0
dinner,mid,-1
dinner,urban,0
dinner,single,0
dinner,upcoming,0
dinner,pristine,1
dinner,hearty,1
dinner,mild,1
dinner,all-out,1
dinner,liquid,0
dinner,informal,0
dinner,separate,0
dinner,regular,0
dinner,quirky,-1
dinner,fluorescent,0
dinner,mixed,0
dinner,starting,0
dinner,flavorful,1
dinner,exotic,1
dinner,larger,1
dinner,western,0
dinner,rustic,0
dinner,key,1
dinner,american,0
dinner,coming,0
dinner,vietnamese,0
dinner,straight,0
dinner,relative,0
dinner,yummy,1
dinner,close,1
dinner,asian,0
dinner,rare,-1
dinner,subtle,1
dinner,subsequent,0
dinner,quick,1
dinner,crowning,1
dinner,actual,0
dinner,senior,0
dinner,anti,0
dinner,extra,1
dinner,largest,1
dinner,live,1
dinner,lite,1
dinner,female,0
dinner,skewed,-1
dinner,valid,1
dinner,would-be,-1
dinner,packed,0
dinner,reverse,0
dinner,tipsy,1
dinner,special,1
dinner,personable,1
dinner,typical,0
dinner,professional,1
dinner,eclectic,1
dinner,white,0
dinner,entire,0
dinner,thirsty,-1
dinner,irish,0
dinner,random,0
dinner,buttery,0
dinner,local,0
dinner,usual,0
dinner,occasional,0
dinner,21st,1
dinner,extended,1
dinner,so-called,0
dinner,final,0
dinner,weekly,0
dinner,adult,0
dinner,inky,-1
dinner,normal,0
dinner,teenage,0
dinner,dreamy,1
dinner,breezy,1
dinner,edible,1
dinner,unremarkable,-1
dinner,organic,1
dinner,cosy,-1
dinner,steamy,0
dinner,prior,0
dinner,latin,0
dinner,raw,-1
dinner,low-key,-1
dinner,late,0
dinner,4th,0
dinner,rainy,1
dinner,doable,1
dinner,unpretentious,1
dinner,uninterrupted,1
dinner,wintery,0
dinner,unique,1
dinner,private,0
dinner,remaining,0
dinner,meatless,0
dinner,award-winning,1
dinner,pricy,-1
dinner,roasted,0
dinner,marital,0
dinner,transgender,0
dinner,common,0
dinner,mexican,0
dinner,complete,1
drinks,average,0
drinks,watery,-1
drinks,sacrilegious,-1
drinks,alike,0
drinks,original,1
drinks,fruity,0
drinks,palatable,1
drinks,random,0
drinks,lightest,-1
drinks,attendant,-1
drinks,colder,1
drinks,grossest,-1
drinks,savory,0
drinks,specific,0
drinks,geographic,0
drinks,endless,0
drinks,adult,0
drinks,syrupy,0
drinks,international,0
drinks,nonalcoholic,0
drinks,promotional,0
drinks,extensive,1
drinks,intoxicating,-1
drinks,all-time,1
drinks,stinky,-1
drinks,coming,0
drinks,crispy,0
drinks,peachy,0
drinks,deep,1
drinks,minor,0
drinks,lesser,-1
drinks,reusable,0
drinks,barefoot,0
drinks,plastic,0
drinks,absolute,0
drinks,out-of-town,0
drinks,alcoholic,-1
drinks,flowing,1
drinks,constant,0
drinks,rare,-1
drinks,local,0
drinks,double,0
drinks,multiple,0
drinks,hawaiian,0
drinks,tangy,0
drinks,previous,0
drinks,carbonated,0
drinks,blended,0
drinks,liquid,0
drinks,european,0
drinks,micro,0
drinks,daily,0
drinks,flammable,0
drinks,quick,1
drinks,convivial,1
drinks,outdoor,0
drinks,blonde,0
drinks,countless,1
drinks,conditioned,0
drinks,seasonal,0
drinks,remaining,0
drinks,disposable,0
drinks,sudden,0
drinks,thai,0
drinks,african,0
drinks,clogging,0
drinks,germanic,0
drinks,petite,0
drinks,casual,0
drinks,frosty,-1
drinks,italian,0
drinks,wide,1
drinks,sounding,1
drinks,broad-shouldered,0
drinks,natural,1
drinks,prior,0
drinks,alright,1
drinks,straight,0
drinks,listed,0
drinks,acceptable,1
drinks,drinkable,1
drinks,final,0
drinks,largest,1
drinks,naked,0
drinks,copious,1
drinks,mouth-watering,0
drinks,crusty,0
drinks,so-so,-1
drinks,scrumptious,1
drinks,slushy,-1
drinks,unheard,0
drinks,prime,0
drinks,prepared,0
drinks,plain,-1
drinks,cooler,0
drinks,salty,0
drinks,corked,0
drinks,full-bodied,1
drinks,homemade,1
drinks,comparable,0
drinks,vast,1
drinks,coveted,1
drinks,communal,0
drinks,weekly,0
drinks,short,-1
drinks,mass-produced,0
drinks,harder,0
drinks,brightly-colored,0
drinks,overpowering,-1
drinks,5th,1
drinks,flavorful,1
drinks,running,0
drinks,low-key,-1
drinks,diverse,0
drinks,broad,1
drinks,current,0
drinks,relative,0
drinks,frothy,0
drinks,accompanying,0
drinks,packed,0
drinks,separate,0
drinks,flavorless,-1
drinks,neutral,0
drinks,busy,-1
drinks,unassuming,1
drinks,consumable,1
drinks,close,1
drinks,darkest,-1
drinks,bigger,1
drinks,bold,0
drinks,korean,0
drinks,belly-up,0
drinks,bubbly,0
drinks,changing,0
drinks,secret,0
drinks,flaming,0
drinks,spicy,0
drinks,extra,1
drinks,late,-1
drinks,coldest,0
drinks,unique,1
drinks,3rd,0
drinks,danceable,1
drinks,yellow,0
drinks,obligatory,0
drinks,featured,0
drinks,desired,1
drinks,earthy,-1
drinks,restrained,-1
drinks,eclectic,1
drinks,spiked,0
drinks,mixed,0
drinks,medium,0
drinks,missing,-1
drinks,everyday,0
drinks,partial,0
drinks,bare,-1
drinks,indian,0
drinks,scottish,0
drinks,tasty,1
drinks,pedestrian,0
drinks,common,0
drinks,so-called,0
drinks,main,0
drinks,definite,1
eggs,prepared,0
eggs,short,-1
eggs,runny,0
eggs,boiled,0
eggs,gooey,-1
eggs,baked,0
eggs,american,0
eggs,basic,-1
eggs,economic,1
eggs,yellow,0
eggs,creamy,0
eggs,huge,1
eggs,individual,0
eggs,cordial,0
eggs,special,1
eggs,flavorless,-1
eggs,fluffy,1
eggs,raw,-1
eggs,inedible,-1
eggs,extensive,1
eggs,deep,-1
eggs,over-the-top,1
eggs,obligatory,0
eggs,luscious,1
eggs,aforementioned,0
eggs,southwestern,0
eggs,medium,0
eggs,smoked,0
eggs,wide,1
eggs,standard,0
eggs,appetizing,1
eggs,crispy,0
eggs,soupy,0
eggs,green,0
eggs,grilled,0
eggs,exotic,1
eggs,real,0
eggs,liquid,0
eggs,typical,0
eggs,watery,-1
eggs,tasty,1
eggs,single,0
eggs,extra,1
eggs,moist,-1
food,uninterested,-1
food,minor,0
food,massive,1
food,blandest,0
food,oriental,0
food,crusty,0
food,inviting,1
food,eventual,0
food,informative,1
food,political,0
food,full-blooded,1
food,short,-1
food,light,1
food,candid,1
food,addictive,1
food,white,0
food,precooked,0
food,wet,-1
food,plastic,0
food,subjective,0
food,unmelted,0
food,competent,1
food,generic,0
food,intact,0
food,human,0
food,conversational,0
food,shot,0
food,minimal,0
food,rustic,0
food,shitty,-1
food,homey,1
food,undistinguished,1
food,running,0
food,off-putting,-1
food,paying,0
food,textured,0
food,sugary,0
food,weekly,0
food,ostensible,-1
food,exact,0
food,prior,0
food,subtle,1
food,passable,1
food,professional,1
food,bold,0
food,irish,0
food,heavy,-1
food,icky,1
food,diminishing,-1
food,unchewable,1
food,wood-fired,0
food,packed,0
food,mild,1
food,noticeable,1
food,regular,0
food,bastardized,-1
food,korean,0
food,atmospheric,1
food,select,0
food,indicative,1
food,a-ok,1
food,definite,1
food,unexceptional,-1
food,unimpressive,-1
food,burnt,-1
food,fantastical,1
food,counter,0
food,silky,1
food,jewish,0
food,actual,0
food,no-nonsense,-1
food,deep,1
food,close,1
food,ordinary,-1
food,central,0
food,lesser,-1
food,heated,0
food,boxed,0
food,pakistani,0
food,eatable,1
food,brazilian,0
food,intoxicating,-1
food,unprocessed,0
food,foreign,0
food,uninspired,-1
food,noth,0
food,dimensional,0
food,overflowing,0
food,moldy,-1
food,pasty,0
food,tinny,-1
food,subsequent,0
food,spanish,0
food,sitting,1
food,hit-or-miss,-1
food,bustling,-1
food,faux,-1
food,customer,0
food,fecal,-1
food,quirky,-1
food,inverse,0
food,ethnic,0
food,mountainous,0
food,whimsical,-1
food,conscious,1
food,perky,1
food,shared,0
food,pro-inflammatory,0
food,unassuming,1
food,contemporary,0
food,sheer,0
food,experimental,0
food,planned,0
food,slipping,0
food,mouth-watering,0
food,obvious,0
food,untouchable,1
food,steamy,0
food,fluffy,1
food,presentable,1
food,concentrated,0
food,moist,-1
food,pedestrian,0
food,award-winning,1
food,alternative,0
food,speaking,1
food,communal,0
food,reverse,0
food,miniscule,-1
food,grubby,0
food,earlier,0
food,chained,0
food,huge,1
food,turkish,0
food,creamy,0
food,relaxing,1
food,personable,1
food,welcoming,1
food,prickly,-1
food,blazing,1
food,alcoholic,-1
food,marked,0
food,apparent,0
food,surprising,1
food,spur-of-the-moment,0
food,soothing,1
food,banging,0
food,flowery,0
food,on-site,0
food,melting,1
food,smothered,-1
food,extended,1
food,asian,0
food,remaining,0
food,lacklustre,-1
food,fab,1
food,multicultural,0
food,all-time,1
food,salvadorean,0
food,shaped,0
food,french,0
food,perpetual,1
food,unsmiling,-1
food,surrounding,0
food,mass-produced,0
food,unexciting,-1
food,residual,0
food,prefab,0
food,initial,0
food,periodic,1
food,olive,0
food,israeli,0
food,detailed,1
food,unsurpassed,1
food,leftover,0
food,medium,0
food,underdone,-1
food,prissy,-1
food,identifiable,1
food,spiffy,1
food,afghan,0
food,undeniable,1
food,sweetest,1
food,current,0
food,double,0
food,glutinous,0
food,borderline,0
food,yummy,1
food,chinese,0
food,touching,0
food,extreme,1
food,meagre,-1
food,indian,0
food,standby,0
food,peruvian,0
food,green,0
food,typical,0
food,constant,0
food,reflective,1
food,world-class,1
food,forgiving,1
food,live,1
food,afoot,0
food,yielding,1
food,cutest,1
food,unbeaten,1
food,after-hours,0
food,bare,-1
food,justifiable,0
food,downward,0
food,digestible,1
food,star,0
food,exotic,1
food,brown,0
food,homely,-1
food,uncommon,1
food,jamaican,0
food,underlying,0
food,wacky,-1
food,outlandish,-1
food,artful,1
food,well-done,1
food,droopy,-1
food,no-frills,0
food,approachable,1
food,mediterranean,0
food,eclectic,1
food,mass,0
food,mid,-1
food,nutritious,1
food,artistic,1
food,attached,0
food,bearable,1
food,truest,1
food,timeless,1
food,milder,1
food,southwestern,0
food,imaginable,0
food,parallel,0
food,limitless,1
food,so-called,0
food,in-your-face,-1
food,weirder,1
food,disposable,0
food,singing,0
food,inedible,-1
food,southwest,0
food,total,0
food,starchy,-1
food,unimaginative,-1
food,unflattering,-1
food,larger,1
food,humdrum,-1
food,aware,0
food,literal,0
food,aesthetic,-1
food,insipid,-1
food,institutional,0
food,forgettable,-1
food,missing,-1
food,universal,1
food,reminiscent,1
food,undeserved,-1
food,dank,-1
food,junior,0
food,executed,-1
food,uninventive,-1
food,down-to-earth,1
food,lebanese,0
food,causal,0
food,roasted,0
food,instant,0
food,surprised,0
food,whatsoever,0
food,appetizing,1
food,meatless,0
food,cordial,1
food,unmemorable,-1
food,unidentifiable,-1
food,visible,0
food,1st,0
food,leisurely,1
food,lined,0
food,consuming,0
food,unique,1
food,colonial,0
food,tiny,-1
food,atypical,0
food_quantity,human,0
food_quantity,stringy,0
food_quantity,mexican,0
food_quantity,tasteless,-1
food_quantity,hungry,-1
food_quantity,tasty,1
food_quantity,vast,1
food_quantity,miniscule,-1
food_quantity,single,0
food_quantity,close,1
food_quantity,soggy,0
food_quantity,healthier,1
food_quantity,italian,0
food_quantity,gargantuan,1
food_quantity,real,0
food_quantity,moderate,-1
food_quantity,subtle,1
food_quantity,standard,0
food_quantity,european,0
food_quantity,light,1
food_quantity,main,0
food_quantity,flavorful,1
food_quantity,flavorless,-1
food_quantity,average,0
food_quantity,topping,0
food_quantity,busy,-1
food_quantity,operational,1
food_quantity,scrumptious,1
food_quantity,educational,0
food_quantity,relative,0
food_quantity,white,0
food_quantity,minimal,0
food_quantity,diverse,0
food_quantity,balsamic,0
food_quantity,complete,1
food_quantity,grilled,0
food_quantity,succulent,1
food_quantity,key,1
food_quantity,desired,1
food_quantity,constant,0
food_quantity,deeper,1
food_quantity,bold,0
food_quantity,mini,0
food_quantity,sizable,0
food_quantity,bigger,1
food_quantity,quick,1
food_quantity,industrial,0
food_quantity,cooked,0
food_quantity,fourth,0
food_quantity,gigantic,1
food_taste,tiny,-1
food_taste,doughy,0
food_taste,succulent,1
food_taste,inviting,1
food_taste,filmy,0
food_taste,late,-1
food_taste,familiar,1
food_taste,brown,0
food_taste,homemade,1
food_taste,metallic,0
food_taste,simple,-1
food_taste,mexican,0
food_taste,generic,0
food_taste,bigger,1
food_taste,vietnamese,0
food_taste,quick,1
food_taste,sugary,0
food_taste,bavarian,0
food_taste,layered,0
food_taste,closest,0
food_taste,combined,0
food_taste,hidden,0
food_taste,fuller,0
food_taste,tasteless,-1
food_taste,gassy,0
food_taste,corporate,0
food_taste,unmistakable,1
food_taste,scorched,-1
food_taste,floury,0
food_taste,liquid,0
food_taste,intentional,0
food_taste,electrical,0
food_taste,gratuitous,1
food_taste,powdery,0
food_taste,soggy,0
food_taste,rancid,-1
food_taste,rubbery,0
food_taste,southern,0
food_taste,unapologetic,1
food_taste,curious,1
food_taste,diverse,0
food_taste,mediterranean,0
food_taste,denser,-1
food_taste,east,0
food_taste,grassy,0
food_taste,varying,0
food_taste,developed,1
food_taste,absolute,0
food_taste,minty,0
food_taste,unspoiled,1
food_taste,enormous,1
food_taste,overlying,0
food_taste,herbaceous,0
food_taste,concrete,0
food_taste,unbalanced,-1
food_taste,inherent,0
food_taste,practical,0
food_taste,personal,1
food_taste,silky,0
food_taste,unique,1
food_taste,milder,1
food_taste,varied,0
food_taste,yucky,-1
food_taste,alike,0
food_taste,average,0
food_taste,muted,-1
food_taste,structural,0
food_taste,boxed,0
food_taste,rounded,0
food_taste,bold,0
food_taste,pasty,0
food_taste,open-minded,1
food_taste,distinct,0
food_taste,buttery,0
food_taste,identical,0
food_taste,plump,0
food_taste,experimental,0
food_taste,mellow,1
food_taste,cuban,0
food_taste,purple,0
food_taste,preferred,1
food_taste,senior,0
food_taste,subtle,1
food_taste,concentrated,0
food_taste,uninteresting,-1
food_taste,white,0
food_taste,medium,0
food_taste,fishy,0
food_taste,exotic,1
food_taste,dimensional,0
food_taste,tasty,1
food_taste,ripe,1
food_taste,anticipated,0
food_taste,commercial,0
food_taste,typical,0
food_taste,tropical,0
food_taste,rare,-1
food_taste,toothsome,1
food_taste,assorted,1
food_taste,italian,0
food_taste,wide,0
food_taste,ordinary,-1
food_taste,comparable,0
food_taste,livery,0
food_taste,smoked,0
food_taste,bolder,0
food_taste,live,1
food_taste,closer,1
food_taste,neighboring,0
food_taste,french,0
food_taste,burnt,-1
food_taste,primary,0
food_taste,firsthand,1
food_taste,pronounced,0
food_taste,discernible,1
food_taste,yellow,0
food_taste,detectable,1
food_taste,dominant,0
food_taste,pouring,0
food_taste,blue,0
food_taste,requisite,0
food_taste,red,0
food_taste,heavy,-1
food_taste,irish,0
food_taste,contrasting,0
food_taste,additional,0
food_taste,pungent,0
food_taste,velvety,0
food_taste,normal,0
food_taste,specific,0
food_taste,tantric,0
food_taste,original,1
food_taste,extensive,0
food_taste,briny,0
food_taste,coastal,0
food_taste,baked,0
food_taste,homey,1
food_taste,luscious,1
food_taste,acceptable,1
food_taste,oversized,-1
food_taste,in-your-face,-1
food_taste,full-bodied,1
food_taste,oceanic,0
food_taste,individual,0
food_taste,characteristic,1
food_taste,deliberate,0
food_taste,short,-1
food_taste,indescribable,1
food_taste,fruity,0
food_taste,deep,1
food_taste,missing,-1
food_taste,minimal,0
food_taste,traditional,0
hamburgers,common,0
hamburgers,tiny,-1
hamburgers,american,0
hamburgers,textured,0
hamburgers,square,0
hamburgers,gothic,0
hamburgers,yummy,1
hamburgers,equal,0
hamburgers,intoxicating,-1
hamburgers,largest,1
hamburgers,cuban,0
hamburgers,seared,0
hamburgers,serviceable,1
hamburgers,kitschy,0
hamburgers,raw,-1
hamburgers,spicy,0
hamburgers,local,0
hamburgers,normal,0
hamburgers,tasteless,-1
hamburgers,apparent,0
hamburgers,overstuffed,-1
hamburgers,broiled,0
hamburgers,a-ok,1
hamburgers,green,0
hamburgers,knockout,0
hamburgers,crying,-1
hamburgers,unspectacular,-1
hamburgers,dry,0
hamburgers,homemade,1
hamburgers,smoked,0
hamburgers,tall,0
hamburgers,organic,1
hamburgers,loaded,0
hamburgers,short,-1
hamburgers,prim,0
hamburgers,western,0
hamburgers,ultimate,1
hamburgers,ubiquitous,0
hamburgers,double,0
hamburgers,quick,1
hamburgers,huge,1
hamburgers,balsamic,0
hamburgers,scrumptious,1
hamburgers,old-fashioned,-1
hamburgers,close,1
hamburgers,flat,-1
hamburgers,prepared,0
hamburgers,alike,0
hamburgers,overflowing,1
hamburgers,piteous,-1
hamburgers,layered,0
hamburgers,flavorful,1
hamburgers,separate,0
hamburgers,regular,0
hamburgers,typical,0
hamburgers,brown,0
hamburgers,ordinary,-1
hamburgers,uninspired,-1
hamburgers,aforementioned,0
hamburgers,deluxe,1
hamburgers,grey,0
hamburgers,international,0
hamburgers,mexican,0
hamburgers,crispy,0
hamburgers,on-site,0
hamburgers,prepacked,0
hamburgers,permanent,1
hamburgers,alternative,0
hamburgers,massive,1
hamburgers,sheer,0
hamburgers,diverse,0
hamburgers,seasonal,0
hamburgers,sonic,0
hamburgers,assorted,1
hamburgers,rare,-1
hamburgers,darned,-1
hamburgers,baked,0
hamburgers,whopping,1
hamburgers,meatless,0
hamburgers,home-style,1
hamburgers,gnarly,0
hamburgers,alive,1
hamburgers,cambodian,0
hamburgers,french,0
hamburgers,jumbo,1
hamburgers,chewy,-1
hamburgers,overpowering,-1
hamburgers,soggy,0
hamburgers,personal,1
hamburgers,tart,0
hamburgers,thawed,-1
hamburgers,deep,0
hamburgers,mild,1
hamburgers,run-of-the-mill,-1
hamburgers,extensive,0
hamburgers,rustic,0
hamburgers,impressionist,0
hamburgers,salivary,0
hamburgers,current,0
hamburgers,towering,0
hamburgers,no-frills,0
hamburgers,all-time,1
hamburgers,quadruple,0
hamburgers,metallic,0
hamburgers,smashing,1
hamburgers,moving,0
hamburgers,minimalist,0
hamburgers,coal-fired,0
hamburgers,unique,1
hamburgers,commercial,0
hamburgers,succulent,1
hamburgers,corned,0
hamburgers,approaching,0
hamburgers,italian,0
hamburgers,passable,1
hamburgers,distinct,0
hamburgers,future,0
hamburgers,enormous,1
hamburgers,giant,1
hamburgers,attacking,-1
hamburgers,eponymous,0
hamburgers,identical,0
hamburgers,quality,1
hamburgers,no-nonsense,-1
hamburgers,alleged,0
hamburgers,sexual,0
hamburgers,frilly,0
hamburgers,topping,0
hamburgers,uruguayan,0
hamburgers,regional,0
hamburgers,savory,1
hamburgers,familiar,1
hamburgers,buttery,0
hamburgers,burnt,0
hamburgers,cut,0
hamburgers,animal,0
hamburgers,tiptop,1
hamburgers,heavy,-1
hamburgers,heated,0
hamburgers,leftover,0
hamburgers,swiss,0
hamburgers,everyday,0
hamburgers,waiting,-1
hamburgers,beefy,0
hamburgers,mediterranean,0
hamburgers,desired,1
hamburgers,commercialized,0
hamburgers,unimaginative,-1
hamburgers,appetizing,1
hamburgers,coming,0
hamburgers,mouth-watering,0
hamburgers,substantial,1
hamburgers,moist,-1
hamburgers,gargantuan,1
hamburgers,packed,0
hamburgers,taller,1
hamburgers,awesomer,1
hamburgers,runny,0
hamburgers,made-to-order,1
hamburgers,laid-back,1
hamburgers,featured,0
hamburgers,faux,-1
hamburgers,humongous,1
hamburgers,world-class,1
hamburgers,sicilian,0
italian,outlandish,-1
italian,acceptable,1
italian,modernized,0
italian,current,0
italian,freaky,-1
italian,yellowish,0
italian,american,0
italian,asian,0
italian,avant-garde,0
italian,public,0
italian,green,0
italian,sound,1
italian,secret,0
italian,wacky,-1
italian,jumbo,1
italian,plain,-1
italian,mexican,0
italian,droopy,-1
italian,alaskan,0
italian,ubiquitous,0
italian,wet,0
italian,roasted,0
italian,healthier,1
italian,exact,0
italian,brazilian,0
italian,yielding,1
italian,mini,0
italian,normal,0
italian,numerous,1
italian,east,0
italian,oval,0
italian,hearty,1
italian,individual,0
italian,accompanying,0
italian,pedestrian,0
italian,fishy,0
italian,mediterranean,0
italian,endless,0
italian,unassuming,1
italian,structural,0
italian,meaty,0
italian,gummy,-1
italian,soaked,-1
italian,full-size,0
italian,unburdened,1
italian,tiny,-1
italian,premium,1
italian,missing,-1
italian,visible,0
italian,unoriginal,-1
italian,quick,1
italian,southwest,0
italian,heartbroken,-1
italian,partial,-1
italian,store-bought,0
italian,ambrosial,0
italian,generic,0
italian,ungenerous,-1
italian,wood-fired,0
italian,flavorful,1
italian,coveted,1
italian,single,0
italian,edible,-1
italian,common,0
italian,striped,0
italian,casual,0
italian,alright,1
italian,seasonal,0
italian,remaining,0
italian,final,0
italian,dimensional,0
italian,short,-1
italian,legitimate,1
italian,instant,0
italian,additional,0
italian,preferred,1
italian,aged,0
italian,previous,0
italian,corporate,0
italian,bigger,1
italian,egyptian,0
italian,balsamic,0
italian,mellow,1
italian,rubbery,0
italian,yellow,0
italian,blander,0
italian,minimal,0
italian,foldable,0
italian,forgettable,-1
italian,alternative,0
italian,manly,0
italian,wide,1
italian,earlier,0
italian,predictable,-1
italian,addictive,1
italian,medium-sized,0
italian,uninspired,-1
italian,unremarkable,-1
italian,brown,0
italian,shy,-1
italian,floppy,0
italian,comparable,0
italian,european,0
italian,familiar,1
italian,spicy,0
italian,mouth-watering,0
italian,precooked,0
italian,inedible,-1
italian,waiting,-1
italian,outer,0
italian,sicilian,0
italian,reminiscent,1
italian,minimalist,0
italian,pronounced,0
italian,growing,0
italian,neapolitan,0
location,nearest,-1
location,8th,1
location,1st,0
location,sandy,0
location,raucous,-1
location,offer,0
location,native,0
location,economic,1
location,remote,-1
location,above-named,0
location,urban,0
location,suffocating,-1
location,paying,0
location,flavorful,1
location,fluffy,1
location,man-made,1
location,20th,1
location,middle,0
location,sparse,-1
location,eastern,0
location,transitional,0
location,packed,0
location,chinese,0
location,uptown,0
location,fourth,0
location,twinkling,1
location,welcoming,1
location,absolute,0
location,human,0
location,interior,0
location,shaded,-1
location,appetizing,1
location,crispy,0
location,commercial,0
location,outward,0
location,mixed,0
location,shitty,-1
location,deciduous,0
location,bigger,1
location,ice-cold,0
location,exact,0
location,green,0
location,initial,0
location,laden,-1
location,pastoral,0
location,overhead,0
location,cavernous,-1
location,busty,0
location,sterile,-1
location,informative,1
location,straight,0
location,sprawling,0
location,32nd,1
location,adult,0
location,exotic,1
location,rustic,0
location,muggy,-1
location,polluted,-1
location,social,0
location,tiny,-1
location,cosmic,0
location,sunset,1
location,complete,1
location,conducive,1
location,prepared,0
location,pet,0
location,airy,1
location,standard,0
location,mexican,0
location,mediterranean,0
location,dodgy,1
location,greek,0
location,iffy,-1
location,circular,0
location,pasty,0
location,persian,0
location,joint,0
location,out-of-the-way,-1
location,dramatic,0
location,casual,0
location,coming,0
location,claustrophobic,-1
location,alternate,0
location,japanese,0
location,typical,0
location,live,1
location,reminiscent,1
location,dingy,-1
location,unlit,-1
location,minor,0
location,homemade,1
location,professional,1
location,relaxing,1
location,basic,-1
location,alpine,0
location,touristy,0
location,predictable,-1
location,key,1
location,heavy,-1
location,worldwide,1
location,quality,1
location,metropolitan,0
location,safer,1
location,diverse,0
location,contemporary,0
location,unique,1
location,cooler,0
location,befitting,0
location,original,1
location,organic,1
location,high-class,1
location,towering,0
location,mellow,1
location,consecutive,0
location,german,0
location,jamaican,0
location,glaring,1
location,surrounding,0
location,waiting,-1
location,broad,1
location,financial,0
location,true,1
location,tasty,0
lunch,actual,0
lunch,greek,0
lunch,flat,-1
lunch,casual,0
lunch,extended,1
lunch,simple,-1
lunch,a-ok,1
lunch,unmemorable,-1
lunch,tart,-1
lunch,minimal,0
lunch,coming,0
lunch,luscious,1
lunch,uptown,0
lunch,vietnamese,0
lunch,functional,1
lunch,complete,1
lunch,wintery,0
lunch,raw,-1
lunch,outdoor,0
lunch,crispy,0
lunch,unassuming,1
lunch,healthier,1
lunch,light,1
lunch,blazing,1
lunch,dry,0
lunch,homemade,1
lunch,nutritious,1
lunch,3rd,0
lunch,eclectic,1
lunch,common,0
lunch,japanese,0
lunch,local,0
lunch,french,0
lunch,weekly,0
lunch,instant,0
lunch,bearable,1
lunch,hungry,-1
lunch,responsible,1
lunch,giant,1
lunch,central,0
lunch,late,0
lunch,boxed,0
lunch,regular,0
lunch,mexican,0
lunch,western,0
lunch,damp,-1
lunch,american,0
lunch,upper,0
lunch,brown,0
lunch,italian,0
lunch,heavy,-1
lunch,tasteless,-1
lunch,chinese,0
lunch,total,0
lunch,northbound,0
lunch,stilted,-1
lunch,teenage,0
lunch,pasty,0
lunch,live,1
lunch,savory,1
meat,eatable,1
meat,thickest,1
meat,southwest,0
meat,overflowing,1
meat,prepared,0
meat,south,0
meat,gristly,0
meat,scrumptious,0
meat,passable,1
meat,browned,0
meat,darned,-1
meat,regular,0
meat,gilled,0
meat,so-called,0
meat,flavourful,1
meat,beefy,0
meat,softest,1
meat,pungent,0
meat,syrupy,0
meat,combined,0
meat,excess,0
meat,italian,0
meat,shitty,-1
meat,unremarkable,-1
meat,rustic,0
meat,fluffy,1
meat,nestled,0
meat,preserved,0
meat,barbecued,0
meat,accented,0
meat,elevated,1
meat,hand-crafted,1
meat,blazing,1
meat,dehydrated,0
meat,korean,0
meat,heavy,-1
meat,unctuous,-1
meat,wide,0
meat,mass-produced,0
meat,ubiquitous,0
meat,mythical,1
meat,smoked,0
meat,huge,1
meat,pink,0
meat,tasteful,1
meat,scandinavian,0
meat,closest,0
meat,gray,0
meat,plain,-1
meat,naked,0
meat,moroccan,0
meat,vinegary,0
meat,brownish,0
meat,sliced,0
meat,phoney,-1
meat,unsatisfying,-1
meat,semi-dry,0
meat,late,-1
meat,endless,0
meat,original,1
meat,deep-fried,0
meat,sweeter,1
meat,lesser,-1
meat,standard,0
meat,braised,0
meat,tasty,1
meat,stringy,0
meat,juicy,0
meat,substantial,1
meat,halal,0
meat,largest,1
meat,moving,0
meat,running,0
meat,unadulterated,1
meat,goddamned,1
meat,greek,0
meat,boneless,0
meat,loco,0
meat,usual,0
meat,balsamic,0
meat,runny,0
meat,flabby,-1
meat,aged,0
meat,numerous,1
meat,close,1
meat,adolescent,0
meat,blended,0
meat,diverse,0
meat,comparable,0
meat,metallic,0
meat,grossest,-1
meat,greyish,-1
meat,secret,0
meat,pickled,0
meat,cuban,0
meat,faux,-1
meat,chewy,-1
meat,chicken,0
meat,crying,-1
meat,evident,0
meat,hawaiian,0
meat,roasted,0
meat,exotic,1
meat,wood-fired,0
meat,natural,1
meat,irish,0
meat,unimpressive,-1
meat,knowing,1
meat,salted,0
meat,rubbery,0
meat,whatsoever,0
meat,packed,0
meat,full-size,0
meat,closer,1
meat,diminutive,-1
meat,personable,1
meat,swedish,0
meat,staple,0
meat,wrapped,0
meat,sizable,0
meat,crusty,0
meat,paired,0
meat,narrow,-1
meat,ultimate,1
meat,gelatinous,0
meat,unrecognizable,-1
meat,sun-dried,0
meat,pronounced,0
meat,distinguishable,1
meat,sizzling,0
meat,outer,0
meat,seared,0
meat,bearable,1
meat,day-old,0
meat,french,0
meat,gigantic,1
meat,normal,0
meat,forthcoming,0
meat,thai,0
meat,off-putting,-1
meat,larger,1
meat,peppery,0
meat,major,0
meat,emotional,1
meat,east,0
meat,red-orange,0
meat,petite,0
meat,red,0
meat,average,0
meat,lebanese,0
meat,bold,0
meat,livable,1
meat,orange,0
meat,intact,0
menu,unprofessional,-1
menu,award-winning,1
menu,focused,0
menu,saving,1
menu,celiac,0
menu,artistic,1
menu,grimy,-1
menu,comparable,0
menu,assorted,1
menu,changing,0
menu,select,0
menu,caloric,0
menu,black,0
menu,hearty,1
menu,varied,0
menu,chinese,0
menu,german,0
menu,surprising,1
menu,entire,0
menu,enormous,1
menu,online,0
menu,sliced,0
menu,permanent,1
menu,tangy,0
menu,pouring,0
menu,usual,0
menu,regional,0
menu,ethnic,0
menu,fruity,0
menu,pedestrian,0
menu,high-pressure,1
menu,acceptable,1
menu,bold,0
menu,private,0
menu,pricy,-1
menu,unspectacular,-1
menu,sentimental,1
menu,upper,0
menu,vast,1
menu,additional,0
menu,chewy,-1
menu,remaining,0
menu,outer,0
menu,mid,-1
menu,padded,1
menu,wooden,0
menu,zesty,0
menu,sectioned,0
menu,gargantuan,1
menu,no-frills,0
menu,disposable,0
menu,nearby,1
menu,giant,0
menu,requisite,0
menu,pop,0
menu,creamy,0
menu,shared,0
menu,cooked,0
menu,jumbo,1
menu,weakest,-1
menu,accompanying,0
menu,sizable,0
menu,unoriginal,-1
menu,unimaginative,-1
menu,dutch,0
menu,meaty,0
menu,snooty,-1
menu,specific,0
menu,fantabulous,1
menu,covered,0
menu,wacky,-1
menu,occasional,0
menu,substantial,1
menu,separate,0
menu,individual,0
menu,oriental,0
menu,luscious,1
menu,burmese,0
menu,moroccan,0
menu,rounded,0
menu,southern,0
menu,contingent,0
menu,approachable,1
menu,extended,1
menu,broad,1
menu,sounding,1
menu,apparent,0
menu,ripened,1
menu,gigantic,1
menu,unimpressive,-1
menu,hawaiian,0
menu,bustling,-1
menu,irish,0
menu,tight,-1
menu,firm,1
menu,visual,0
menu,plainest,1
menu,rarer,0
menu,mismatched,0
menu,ultimate,1
menu,late,-1
menu,anticipated,0
menu,explanatory,1
menu,outdoor,0
menu,mounted,0
menu,tasteless,-1
menu,uninspired,-1
menu,unidentifiable,1
menu,korean,0
menu,alternate,0
menu,aware,0
menu,two-sided,0
menu,italian,0
menu,consolidated,1
menu,english,0
menu,mongolian,0
menu,heated,0
menu,world-class,1
menu,fluffy,1
menu,uncovered,0
menu,stoned,-1
menu,steamy,0
menu,careful,1
menu,searing,1
menu,ranging,1
menu,scrumptious,1
menu,dietary,1
menu,reverse,0
menu,unanimous,1
menu,supplementary,0
menu,earlier,0
menu,hulking,0
menu,alcoholic,-1
menu,moderate,-1
menu,rare,-1
menu,metallic,0
menu,illuminated,0
menu,partial,-1
menu,instant,0
menu,rolled,0
menu,nutritional,1
menu,braised,0
menu,deep,0
menu,brown,0
menu,largest,1
menu,busy,-1
menu,hand-crafted,1
menu,crowning,1
menu,accommodating,0
menu,grilled,0
menu,atypical,0
menu,aquatic,0
menu,ornate,1
menu,elusive,-1
menu,alike,0
menu,milder,1
menu,15th,0
menu,senior,0
menu,miniscule,-1
menu,hidden,0
menu,juvenile,0
menu,hungry,-1
menu,mini,0
menu,recognizable,1
menu,artful,1
menu,one-dimensional,0
menu,5th,1
menu,mountainous,0
menu,flat,-1
menu,nightly,0
menu,forgivable,1
menu,micro,0
menu,handmade,1
menu,descriptive,1
menu,multicultural,0
menu,written,0
menu,likeable,1
menu,straight,0
menu,swimming,0
menu,telltale,1
menu,layered,0
menu,grey,0
menu,sitting,1
menu,wet,0
menu,tremendous,1
menu,key,1
menu,downright,1
menu,sharing,0
menu,speechless,1
menu,sentient,1
menu,varying,0
menu,centric,0
menu,inoffensive,0
menu,elliptical,0
menu,tiny,-1
menu,regimented,0
menu,glorified,1
menu,cluttered,0
menu,broader,1
menu,rushed,-1
menu,humongous,1
menu,real,0
menu,deepest,1
menu,electric,0
menu,unappetizing,-1
menu,daily,0
menu,sure-fire,1
menu,meatless,0
menu,slight,-1
menu,homey,1
menu,informative,1
menu,chilling,-1
menu,located,0
menu,southwestern,0
menu,sassy,-1
menu,blank,-1
menu,lightest,1
menu,short,-1
menu,sole,1
menu,watery,-1
menu,uninteresting,-1
menu,discombobulated,-1
menu,yearly,0
menu,take-away,0
menu,returning,0
menu,simple,-1
menu,special,1
menu,secret,0
menu,endless,0
menu,relative,0
menu,taiwanese,0
menu,surprised,0
menu,vietnamese,0
menu,predictable,-1
menu,edgy,-1
menu,formal,1
menu,major,0
menu,presentable,1
menu,one-time,0
menu,unremarkable,-1
menu,contrasting,0
mexican,tangy,0
mexican,acceptable,1
mexican,burnt,-1
mexican,fishy,0
mexican,unremarkable,1
mexican,deep,1
mexican,pickled,0
mexican,tiny,-1
mexican,flavorful,1
mexican,thai,0
mexican,transcendent,1
mexican,plump,0
mexican,grilled,0
mexican,special,1
mexican,green,0
mexican,baked,0
mexican,juicy,1
mexican,exotic,1
mexican,aforesaid,0
mexican,mellow,1
mexican,average,0
mexican,swimming,0
mexican,hungry,-1
mexican,single,0
mexican,run-of-the-mill,-1
mexican,macho,0
mexican,brown,0
mexican,preceding,0
mexican,ultimate,1
mexican,gigantic,1
mexican,remaining,0
mexican,meaty,0
mexican,straight,0
mexican,massive,1
mexican,plain,-1
mexican,earthy,-1
mexican,growing,0
mexican,tasty,1
mexican,so-so,-1
mexican,soggy,0
mexican,pink,0
mexican,white,0
mexican,short,-1
mexican,prime,1
mexican,slight,1
mexican,hearty,1
mexican,legitimate,1
mexican,yummy,1
mexican,overflowing,1
mexican,harder,0
mexican,silver,1
mexican,extensive,1
mexican,humongous,-1
mexican,coming,0
mexican,buttery,0
mexican,custom-made,-1
mexican,hawaiian,0
mexican,olive,0
mexican,absolute,0
mexican,infrequent,-1
mexican,french,0
mexican,real,0
mexican,4th,0
mexican,sliced,0
mexican,tasteless,-1
mexican,italian,0
mexican,wet,-1
mexican,overstuffed,0
mexican,laden,-1
mexican,smoked,0
mexican,spicy,0
mexican,asian,0
mexican,moist,1
mexican,mild,1
mexican,hundredth,0
mexican,southwestern,0
mexican,earlier,0
mexican,chock-full,1
mexican,deluxe,1
mexican,close,1
mexican,2nd,1
mexican,addictive,1
mexican,enormous,1
mexican,scrumptious,1
parking,tight,-1
parking,deep,-1
parking,overnight,0
parking,real,0
parking,additional,0
parking,rear,0
parking,typical,0
parking,underground,0
parking,quick,1
parking,stand-alone,1
potatoes,yucky,-1
potatoes,usual,0
potatoes,firm,1
potatoes,raw,-1
potatoes,true,1
potatoes,edible,1
potatoes,blended,0
potatoes,mystifying,1
potatoes,busy,-1
potatoes,southwest,0
potatoes,attendant,1
potatoes,oversized,-1
potatoes,jamaican,0
potatoes,bigger,1
potatoes,multiple,0
potatoes,self-proclaimed,0
potatoes,alright,1
potatoes,wet,-1
potatoes,traditional,0
potatoes,knockout,0
potatoes,salty,0
potatoes,intoxicated,0
potatoes,velvety,0
potatoes,roasted,0
potatoes,on-site,0
potatoes,ongoing,1
potatoes,simple,-1
potatoes,basic,-1
potatoes,floppy,0
potatoes,enormous,1
potatoes,frequent,0
potatoes,mini,0
potatoes,meaty,0
potatoes,homemade,1
potatoes,standard,0
potatoes,reminiscent,1
potatoes,milky,0
potatoes,entire,0
potatoes,stray,-1
potatoes,contemporary,0
potatoes,corned,0
potatoes,burnt,-1
potatoes,watery,-1
potatoes,french,0
potatoes,german,0
potatoes,deep,1
potatoes,flavorful,1
potatoes,yellow,0
potatoes,triple,0
potatoes,tiny,-1
potatoes,largest,1
potatoes,soggy,0
potatoes,flavorsome,1
potatoes,underdone,-1
potatoes,obvious,0
potatoes,ubiquitous,0
potatoes,flabby,-1
potatoes,oily,-1
potatoes,appetizing,1
potatoes,shitty,-1
potatoes,run-of-the-mill,-1
potatoes,uninteresting,-1
potatoes,personable,1
potatoes,southern,0
potatoes,distinct,0
potatoes,hearty,1
potatoes,coming,0
potatoes,rustic,0
potatoes,aforementioned,0
potatoes,orange,0
potatoes,shaped,0
potatoes,hungry,-1
potatoes,definite,1
potatoes,spicy,0
potatoes,withered,0
potatoes,palatable,1
potatoes,late,-1
potatoes,accompanying,0
potatoes,flat,-1
potatoes,yellowish,0
potatoes,crinkly,0
potatoes,commercial,0
potatoes,indian,0
potatoes,dipped,0
potatoes,soaked,-1
potatoes,organic,1
potatoes,notable,1
potatoes,puffy,-1
potatoes,optional,0
potatoes,main,0
potatoes,giant,1
potatoes,single,0
potatoes,personal,1
potatoes,mild,1
potatoes,sonic,0
potatoes,so-so,-1
potatoes,crusted,0
potatoes,jumbo,0
potatoes,additional,0
potatoes,italian,0
potatoes,no-frills,0
potatoes,inedible,-1
potatoes,tasteless,-1
potatoes,plain,-1
potatoes,unseasoned,0
potatoes,pasty,0
potatoes,partial,-1
potatoes,careful,1
potatoes,stuffed,0
potatoes,luscious,1
potatoes,elementary,-1
potatoes,casual,0
price,so-so,-1
price,located,0
price,casual,0
price,acceptable,1
price,outlandish,-1
price,extra,1
price,topping,0
price,asian,0
price,italian,0
price,increasing,-1
price,average,0
price,french,0
price,vast,-1
price,stinky,0
price,regular,0
price,tighter,1
price,major,0
price,huge,-1
price,mixed,0
price,eclectic,1
price,ultimate,1
price,coming,0
price,ceramic,0
price,hourly,0
price,bottomless,-1
price,tremendous,-1
price,massive,-1
price,7th,0
price,prepared,0
price,continuing,0
price,closest,0
price,elaborate,1
price,thai,0
price,negligible,-1
price,rental,0
price,double,-1
price,simple,1
price,off-base,-1
price,additional,-1
price,flavorful,1
price,belgian,0
price,ripe,1
price,bustling,-1
price,over-the-top,1
price,everyday,0
price,rock-bottom,1
price,knockout,0
price,yummy,1
price,beat,1
price,reverse,0
price,gastronomic,0
price,combined,0
price,sliding,0
price,extended,-1
price,dry,0
price,nominal,0
price,graduate,0
price,familiar,1
price,homey,1
price,standard,0
price,larger,-1
price,lowest,1
price,commensurate,1
price,accompanying,0
price,conscious,1
price,relative,0
price,coveted,1
price,unfair,-1
price,tight,1
price,vietnamese,0
price,total,0
price,unique,1
price,mouth-watering,0
price,original,1
price,hearty,1
price,palatable,1
price,diverse,0
price,convinced,0
price,short,1
price,daily,0
price,current,0
price,applicable,1
price,antique,0
price,economic,1
price,elevated,1
price,explainable,1
price,unpublished,-1
price,justifiable,0
price,reflective,1
price,random,0
price,alcoholic,-1
price,lowered,0
price,individual,0
price,cuban,0
price,taiwanese,0
price,enormous,1
price,egyptian,0
price,quality,1
price,korean,0
restrooms,female,0
restrooms,unchanged,0
restrooms,historic,0
restrooms,sparkly,1
restrooms,interior,0
restrooms,mosaic,0
restrooms,unlabeled,-1
restrooms,ordinary,-1
restrooms,entire,0
restrooms,japanese,0
restrooms,separate,0
restrooms,multiple,0
restrooms,fecal,-1
restrooms,cruddy,-1
restrooms,blue,0
restrooms,atypical,0
restrooms,typical,0
restrooms,sanitary,1
restrooms,nearby,1
restrooms,acceptable,1
restrooms,makeshift,0
restrooms,unisex,0
restrooms,huge,1
restrooms,bigger,1
restrooms,downstairs,0
rice,nutty,0
rice,minute,0
rice,steamy,0
rice,meaning,1
rice,typical,0
rice,quick,1
rice,commercialized,0
rice,mass-produced,0
rice,pickled,0
rice,pungent,0
rice,yellow,0
rice,flavorsome,1
rice,korean,0
rice,purple,0
rice,actual,0
rice,gluey,-1
rice,gooey,-1
rice,perfumed,-1
rice,rubbery,0
rice,chewy,-1
rice,asian,0
rice,buttery,0
rice,double,0
rice,creamy,0
rice,baked,0
rice,accompanying,0
rice,unsatisfied,-1
rice,entire,0
rice,jamaican,0
rice,inedible,-1
rice,aromatic,0
rice,plastic,0
rice,soggy,0
rice,japanese,0
rice,spicy,0
rice,larger,1
rice,pink,0
rice,yummy,-1
rice,tiny,-1
rice,acceptable,1
rice,heavy,-1
rice,generic,0
rice,enormous,1
rice,cambodian,0
rice,glutinous,0
rice,seared,0
rice,whiter,0
rice,vietnamese,0
rice,seamed,0
rice,flattened,0
rice,included,0
rice,overpowering,-1
rice,smoked,0
rice,average,0
rice,thai,0
rice,smoky,-1
rice,southern,0
rice,unique,1
rice,fossilized,0
rice,usual,0
rice,subtle,1
rice,light,1
rice,milky,0
rice,tasteless,-1
rice,endless,0
rice,unimaginative,-1
rice,icky,-1
rice,regular,0
rice,massive,1
rice,bottomless,-1
rice,simple,-1
rice,flavorless,-1
rice,passing,1
sauces,overpowering,-1
sauces,american,0
sauces,orange-red,0
sauces,sweeter,1
sauces,peppery,0
sauces,quasi,0
sauces,commercialized,0
sauces,bold,0
sauces,subtle,1
sauces,molten,0
sauces,rare,-1
sauces,mouth-watering,0
sauces,preferred,1
sauces,gnarly,0
sauces,slimy,-1
sauces,exact,0
sauces,uninteresting,-1
sauces,dramatic,-1
sauces,slippery,-1
sauces,demure,1
sauces,random,0
sauces,buttery,0
sauces,familiar,1
sauces,gooey,-1
sauces,human,0
sauces,blue,0
sauces,primary,0
sauces,busy,-1
sauces,moist,-1
sauces,braised,0
sauces,fruity,0
sauces,pouring,0
sauces,milanese,0
sauces,aged,0
sauces,legitimate,1
sauces,cloying,-1
sauces,original,1
sauces,black,0
sauces,unique,1
sauces,leftover,0
sauces,nutty,0
sauces,commercial,0
sauces,packed,0
sauces,flavorless,-1
sauces,missing,-1
sauces,slight,-1
sauces,comparable,0
sauces,wooden,0
sauces,prepackaged,0
sauces,unobtrusive,1
sauces,edible,1
sauces,syrupy,0
sauces,amateur,-1
sauces,green,0
sauces,spicy,0
sauces,tangy,0
sauces,hearty,1
sauces,silver,1
sauces,saucy,0
sauces,acceptable,1
sauces,minimal,0
sauces,main,0
sauces,optional,0
sauces,mythical,1
sauces,previous,0
sauces,real,0
sauces,simple,-1
sauces,aforementioned,0
sauces,blazing,1
sauces,boozy,-1
sauces,hidden,0
sauces,entire,0
sauces,numerous,1
sauces,yemeni,0
sauces,local,0
sauces,boiled,0
sauces,extreme,1
sauces,mini,0
sauces,enormous,1
sauces,broader,1
sauces,unholy,-1
sauces,miniature,0
sauces,ceramic,0
sauces,puffed,0
sauces,scrumptious,1
sauces,desired,1
sauces,savoury,1
sauces,liberal,0
sauces,select,0
sauces,shitty,-1
sauces,unappetizing,-1
sauces,separate,0
sauces,loaded,0
sauces,yellow,0
sauces,flat,-1
sauces,deep-fried,0
sauces,wet,-1
sauces,flowing,1
sauces,distinct,0
sauces,daily,0
sauces,regular,0
sauces,hungry,-1
sauces,mongolian,0
sauces,greener,1
sauces,plump,0
sauces,pickled,0
sauces,endless,0
sauces,vietnamese,0
sauces,orange,0
sauces,equal,0
sauces,puffy,-1
sauces,concentrated,0
sauces,waiting,-1
sauces,soupy,0
sauces,extra,1
sauces,reddish,0
sauces,quality,1
sauces,varied,0
sauces,rectangular,0
sauces,watered,0
sauces,sassy,-1
sauces,melted,0
sauces,multiple,0
sauces,fluffy,1
sauces,personal,1
sauces,unseasoned,-1
sauces,seared,0
sauces,tentacled,0
sauces,separated,0
sauces,meatless,0
sauces,spanish,0
sauces,paired,0
sauces,prickly,-1
sauces,rustic,0
sauces,roast,0
sauces,swiss,0
sauces,frosted,0
sauces,existent,0
sauces,chalky,0
sauces,total,0
sauces,acidic,0
sauces,steamed,0
sauces,complete,1
sauces,developed,1
sauces,tasteful,1
sauces,putrid,0
sauces,straight,0
sauces,velvety,0
sauces,argentine,0
sauces,store-bought,0
sauces,careful,1
sauces,southern,0
sauces,roasted,0
sauces,shredded,0
sauces,crispy,0
sauces,atomic,1
sauces,oozing,1
sauces,absolute,0
sauces,yummy,1
sauces,tasty,1
sauces,soggy,0
sauces,asian,0
seafood,goddamned,-1
seafood,shredded,0
seafood,imaginable,0
seafood,lightest,1
seafood,plump,0
seafood,random,0
seafood,inedible,-1
seafood,briny,0
seafood,pungent,0
seafood,atlantic,0
seafood,oily,-1
seafood,gray,0
seafood,sole,1
seafood,canned,0
seafood,future,0
seafood,succulent,1
seafood,silky,1
seafood,chilean,0
seafood,prepared,0
seafood,airy,1
seafood,hawaiian,0
seafood,boiled,0
seafood,fluffy,1
seafood,simple,-1
seafood,brown,0
seafood,average,0
seafood,tiny,-1
seafood,amok,-1
seafood,milder,1
seafood,scandinavian,0
seafood,unidentifiable,-1
seafood,single,0
seafood,anorexic,-1
seafood,flavorless,-1
seafood,savory,1
seafood,minimal,0
seafood,tasteless,-1
seafood,gigantic,1
seafood,outdated,-1
seafood,pronounced,0
seafood,moist,-1
seafood,flavorful,1
seafood,jumbo,0
seafood,firm,1
seafood,surprising,1
seafood,actual,0
seafood,real,0
seafood,main,0
seafood,packed,0
seafood,left,0
seafood,quality,1
seafood,incoming,0
seafood,instant,0
seafood,true,1
seafood,bubbling,0
seafood,liquid,0
seafood,closest,0
seafood,daily,0
seafood,slimy,-1
seafood,plastic,0
seafood,busy,-1
seafood,olive,0
seafood,tart,-1
seafood,revelatory,1
seafood,mild,1
seafood,mexican,0
seafood,wood-fired,0
seafood,personal,1
seafood,pedestrian,0
seafood,square-shaped,0
seafood,close,1
seafood,paired,0
seafood,chubby,0
seafood,lesser,-1
seafood,straight,0
seafood,multiple,0
seafood,passable,1
seafood,rubbery,0
seafood,varying,0
seafood,aromatic,0
seafood,provencal,0
seafood,steaming,0
seafood,sounding,1
seafood,gristly,0
seafood,floating,0
seafood,enormous,1
seafood,tasteful,1
seafood,basic,-1
seafood,crusty,0
seafood,no-frills,0
seafood,steamed,0
seafood,white,0
seafood,chinese,0
seafood,mere,0
seafood,blonde,0
seafood,ubiquitous,0
seafood,quick,0
seafood,rancid,-1
seafood,balsamic,0
seafood,flat,-1
seafood,rectangular,0
seafood,japanese,0
seafood,irish,0
seafood,slender,1
seafood,smoked,0
seafood,hungry,-1
seating,plastic,0
seating,narrow,-1
seating,leaning,0
seating,automatic,0
seating,separate,0
seating,high-top,1
seating,generic,0
seating,psychological,0
seating,late,-1
seating,mixed,0
seating,rolling,0
seating,fixed,0
seating,remaining,0
seating,utter,1
seating,existent,0
seating,indicative,1
seating,extended,1
seating,artistic,1
seating,breathing,1
seating,subsequent,0
seating,dingy,-1
seating,greek,0
seating,urban,0
seating,backless,0
seating,interior,0
seating,numerous,1
seating,padded,1
seating,italian,0
seating,sleepy,1
seating,so-so,-1
seating,hungry,-1
seating,occupied,0
seating,purple,0
seating,secluded,-1
seating,massive,1
seating,larger,1
seating,normal,0
seating,cooler,0
seating,personable,1
seating,olive,0
seating,rugged,-1
seating,edgy,-1
seating,substantial,1
seating,sparse,-1
seating,random,0
seating,prepared,0
seating,executive,0
seating,prior,0
seating,canadian,0
seating,sheltered,0
seating,endless,0
seating,pitch-black,0
seating,casual,0
seating,cluttered,0
seating,floaty,0
seating,ordinary,-1
seating,kitschy,0
seating,previous,0
seating,extensive,1
seating,actual,0
seating,orange,0
seating,homey,1
seating,wooden,0
seating,sunny,1
seating,crispy,0
seating,tasty,0
seating,tiled,0
seating,lopsided,-1
seating,single,0
seating,contiguous,0
seating,blue,0
seating,faux,-1
seating,chatty,1
seating,daily,0
seating,tiny,-1
seating,minimalist,0
seating,heard,0
seating,teeny,-1
seating,motorized,1
seating,unique,1
seating,watery,-1
seating,entire,0
seating,respective,0
seating,unassuming,1
seating,touching,0
seating,quick,1
seating,soggy,0
seating,bigger,1
seating,reminiscent,1
seating,counter,0
seating,spaced,1
seating,middle,0
seating,tight,-1
seating,nostalgic,1
seating,tiered,0
seating,stationary,0
seating,molded,1
seating,content,0
seating,fit,1
seating,semiprivate,0
seating,surprising,1
seating,mosaic,0
seating,short,-1
seating,stocked,1
seating,noth,0
seating,healthier,1
seating,brown,0
seating,yellow,0
seating,collapsible,1
seating,vietnamese,0
seating,rickety,-1
seating,natural,1
seating,nearby,1
seating,bare,-1
seating,minute,0
seating,wearing,-1
seating,irish,0
seating,changing,0
seating,absolute,0
service,eurasian,0
service,passable,1
service,cruddy,-1
service,telling,-1
service,arabic,0
service,absent,-1
service,managerial,0
service,main,0
service,extra,1
service,savory,1
service,standoffish,-1
service,collective,0
service,welcoming,1
service,artful,1
service,personal,1
service,smothering,0
service,acting,0
service,unpolished,-1
service,homophobic,-1
service,trained,1
service,flip,1
service,alike,0
service,educational,1
service,homey,1
service,located,0
service,white,0
service,rare,-1
service,left,0
service,safer,1
service,existent,0
service,extreme,1
service,shorter,-1
service,facial,0
service,shy,-1
service,starting,0
service,selfless,-1
service,sassy,-1
service,teenage,0
service,uninterested,-1
service,yummy,1
service,standing,-1
service,laid-back,0
service,spiffy,1
service,coordinate,1
service,stoned,-1
service,gushy,-1
service,wandering,-1
service,take-away,0
service,sweetest,1
service,sudden,0
service,self-righteous,1
service,noticeable,1
service,noticed,0
service,nonchalant,-1
service,jam-packed,-1
service,smoky,-1
service,amateurish,-1
service,grungy,-1
service,tending,1
service,subsequent,0
service,deathly,-1
service,long-term,0
service,blaring,-1
service,blond,0
service,stretched,-1
service,female,0
service,whatsoever,0
service,quality,1
service,pushy,-1
service,close,1
service,cordial,1
service,prepared,0
service,uninspired,-1
service,hit-or-miss,-1
service,holier-than-thou,1
service,hearty,1
service,substantial,1
service,perceptible,-1
service,unassuming,1
service,downtrodden,-1
service,informed,1
service,obvious,0
service,fourth,0
service,frequent,0
service,happy-go-lucky,1
service,interrupted,-1
service,busty,0
service,gregarious,1
service,material,0
service,original,1
service,sympathetic,1
service,unearned,-1
service,kinder,1
service,electrical,0
service,uncongenial,-1
service,forthcoming,0
service,possessive,0
service,corporate,0
service,prime,0
service,variable,0
service,perky,1
service,customer,0
service,convinced,0
service,sterile,-1
service,mute,0
service,rustic,0
service,untrained,-1
service,unique,1
service,additional,0
service,high-level,1
service,unapologetic,-1
service,overburdened,-1
service,absolute,0
service,heavy,-1
service,impressionable,0
service,forced,-1
service,packed,0
service,flustered,0
service,snooty,-1
service,vast,1
service,frosty,-1
service,so-so,-1
service,over-the-top,1
service,kindest,1
service,total,0
service,neglectful,-1
service,remaining,0
service,no-frills,0
service,minimum,-1
service,inclined,0
service,sitting,1
service,dry,0
service,tasty,1
service,tiny,-1
service,uninvited,-1
service,multiple,0
service,larger,1
service,common,0
service,abhorrent,-1
service,ungracious,-1
service,frumpy,-1
service,repeated,-1
service,scatterbrained,-1
service,glacial,-1
service,standard,0
service,half-baked,-1
service,short,-1
service,humdrum,-1
service,untouchable,1
service,tasteful,1
service,slight,-1
service,primary,0
service,french,0
service,key,1
service,sparse,-1
service,nameless,-1
service,justified,0
service,down-to-earth,1
service,animated,1
service,actual,0
service,distant,-1
service,tolerant,1
service,sizeable,1
service,counter,0
service,crispy,0
service,scattered,0
service,disjointed,-1
service,functional,1
service,acceptable,1
service,unorganized,-1
service,apparent,0
service,unimpressive,-1
service,flying,0
service,humongous,1
service,expeditious,1
service,spunky,1
service,wet,-1
service,quirky,-1
service,reminiscent,1
service,juicy,0
service,observant,1
service,dicey,-1
service,commonsense,1
service,deep,-1
service,awesomest,1
service,local,0
service,dotty,-1
service,busy,-1
service,major,0
service,conscious,1
service,oriental,0
service,persian,0
service,freaky,1
service,causal,0
service,cloying,-1
service,numerous,1
service,shining,1
service,a-ok,1
service,4th,0
service,atypical,0
service,reflective,1
service,wearing,-1
service,collect,0
service,commensurate,1
service,naked,0
service,massive,1
service,unmotivated,-1
service,coveted,1
service,east,0
service,prior,0
service,average,0
service,observable,1
service,borderline,0
service,no-nonsense,-1
service,minimal,0
service,hardworking,1
service,military,0
service,understaffed,-1
service,predictable,-1
service,mannered,1
service,earlier,0
service,emphasized,0
service,scrumptious,1
service,digestible,1
service,on-line,0
service,outgoing,1
service,unenthusiastic,-1
service,1st,0
service,uncoordinated,-1
service,typical,0
service,comparable,0
service,lax,-1
service,exotic,1
service,off-putting,-1
service,forgettable,-1
service,neutral,0
service,previous,0
service,aged,0
service,continuous,0
service,waiting,-1
service,vietnamese,0
service,conversational,1
service,offer,0
service,plain,-1
service,flavorful,1
service,regular,0
service,uninvolved,-1
service,wondering,0
service,male,0
service,uninviting,-1
service,relaxing,1
service,chinese,0
service,bubbly,0
service,low-key,-1
service,likeable,1
service,nearby,1
service,unprofessional,-1
service,flat,-1
service,mixed,0
service,informative,1
service,personable,1
service,running,0
service,informal,0
service,cognizant,1
service,downward,0
service,western,0
service,leisurely,-1
service,demanding,1
service,deafening,-1
service,boneless,0
service,forgotten,-1
service,off-base,-1
service,tremendous,1
service,3rd,0
service,palatable,1
service,bustling,-1
service,visible,0
service,two-way,1
service,missing,-1
service,obsequious,1
service,flowing,1
service,pristine,1
service,active,0
service,understanding,1
service,unconcerned,1
service,flushed,-1
service,constant,0
service,imaginable,0
service,rudest,-1
service,ultimate,1
service,treated,1
service,equivalent,0
service,downright,1
service,stressed,-1
service,moderate,-1
service,apologetic,1
service,select,0
service,caucasian,0
shopping,south,0
shopping,requisite,0
shopping,comic,0
shopping,located,0
shopping,casual,0
shopping,complete,1
shopping,hidden,0
shopping,short,-1
shopping,independent,0
shopping,no-nonsense,-1
shopping,wide,1
shopping,mini,0
shopping,vietnamese,0
shopping,suburban,0
shopping,dingy,0
shopping,unassuming,-1
shopping,italian,0
shopping,typical,0
shopping,retro,0
shopping,contemporary,0
shopping,quick,1
shopping,dominant,0
shopping,sparse,-1
shopping,old-fashioned,-1
shopping,quietest,1
shopping,numerous,1
shopping,hokey,0
shopping,adjacent,0
shopping,exclusive,-1
shopping,noth,0
shopping,pro,1
shopping,nondescript,-1
shopping,relaxing,1
shopping,alright,1
shopping,indoor,0
shopping,kitschy,0
shopping,fluorescent,0
shopping,precooked,0
shopping,endless,0
shopping,unconventional,0
shopping,commercial,0
shopping,gravelly,-1
shopping,snooty,-1
shopping,thai,0
soups,missing,-1
soups,close,1
soups,roasted,0
soups,huge,1
soups,sizzling,0
soups,enormous,1
soups,main,0
soups,orange,0
soups,offbeat,-1
soups,obligatory,0
soups,iffy,-1
soups,spongy,0
soups,vietnamese,0
soups,korean,0
soups,light,1
soups,hearty,1
soups,buttery,0
soups,pouring,0
soups,italian,0
soups,yellow,0
soups,tangy,0
soups,soothing,1
soups,heavy,-1
soups,gigantic,1
soups,normal,0
soups,moist,-1
soups,red,0
soups,original,1
soups,average,0
soups,teeny,-1
soups,mini,0
soups,aforementioned,0
soups,actual,0
soups,diverse,0
soups,packed,0
soups,gelatinous,0
soups,prepared,0
soups,extreme,1
soups,remaining,0
soups,oily,-1
soups,steamed,0
soups,creamy,0
soups,tasty,1
soups,southern,0
soups,short,-1
soups,extensive,1
soups,natural,1
soups,everyday,0
soups,white,0
soups,brown,0
soups,inedible,-1
soups,runny,0
soups,smoked,0
soups,ultimate,1
soups,slight,-1
soups,simple,-1
soups,whopping,1
soups,giant,1
soups,accompanying,0
soups,transcendental,0
soups,serviceable,1
soups,special,1
soups,savory,1
soups,homemade,1
soups,flavorful,1
soups,canned,0
soups,black,0
soups,so-so,-1
soups,waiting,-1
soups,unappetizing,-1
soups,reminiscent,1
staff,iron,0
staff,organized,1
staff,cracking,1
staff,private,0
staff,token,0
staff,grey,0
staff,remaining,0
staff,uninterested,-1
staff,usual,0
staff,pushy,-1
staff,initial,0
staff,identifiable,-1
staff,distant,-1
staff,bald,0
staff,surly,-1
staff,gregarious,1
staff,counter,0
staff,topping,0
staff,notable,1
staff,unique,1
staff,upright,1
staff,cut,0
staff,observant,1
staff,stuck-up,1
staff,extended,1
staff,thirsty,-1
staff,experienced,1
staff,sneaking,-1
staff,doable,1
staff,korean,0
staff,automatic,0
staff,leaning,0
staff,occasional,0
staff,aged,0
staff,middle,0
staff,german,0
staff,quirky,-1
staff,unknowledgeable,1
staff,raw,-1
staff,additional,0
staff,outfitted,0
staff,adept,1
staff,wearing,-1
staff,behind-the-scenes,0
staff,thinking,1
staff,curvy,0
staff,unapologetic,-1
staff,verbal,0
staff,outright,1
staff,overdressed,-1
staff,casual,0
staff,pierced,0
staff,elderly,0
staff,offer,0
staff,simple,-1
staff,trained,1
staff,underage,0
staff,unaccommodating,-1
staff,chatty,1
staff,shy,-1
staff,straightlaced,-1
staff,thai,0
staff,filled,1
staff,off-putting,-1
staff,overpowering,-1
staff,east,0
staff,educational,1
staff,double,0
staff,tolerant,1
staff,coming,0
staff,attendant,-1
staff,conscious,1
staff,rolling,0
staff,over-the-top,1
staff,random,0
staff,laughing,-1
staff,mongolian,0
staff,desired,1
staff,ethnic,0
staff,paying,0
staff,so-so,-1
staff,surprising,1
staff,leisurely,1
staff,forgettable,-1
staff,gooey,-1
staff,directing,1
staff,assertive,1
staff,eclectic,1
staff,2nd,1
staff,balding,0
staff,foreign,0
staff,multiple,0
staff,straight,0
staff,countless,1
staff,conversational,1
staff,swiss,0
staff,relieved,1
staff,mustached,0
staff,russian,0
staff,light,1
staff,snide,-1
staff,unassuming,1
staff,personal,1
staff,perceptive,1
staff,blonde,0
staff,warming,1
staff,terse,-1
staff,spunky,1
staff,untrained,-1
staff,physical,0
staff,mellow,1
staff,rare,-1
staff,sweetest,1
staff,yummy,1
staff,australian,0
staff,diverse,0
staff,bilingual,1
staff,speaking,1
staff,crispy,0
staff,antsy,-1
staff,bubbly,0
staff,stoned,-1
staff,regional,0
staff,entire,0
staff,unspoken,0
staff,live,1
staff,sassy,-1
staff,uptight,-1
staff,down-to-earth,1
staff,mannered,1
staff,relaxing,1
staff,equal,0
staff,prior,0
staff,obliging,1
staff,addictive,1
staff,official,0
staff,discerning,1
staff,tireless,1
staff,handmade,1
staff,unwritten,0
staff,assisted,1
staff,expedient,1
staff,bare,-1
staff,void,-1
staff,sweeter,1
staff,carved,0
staff,sparse,-1
staff,laid-back,1
staff,scandinavian,0
staff,ancient,0
staff,previous,0
staff,tasty,1
staff,prepared,0
staff,current,0
staff,visible,0
staff,vapid,1
staff,mobile,0
staff,hardest,-1
staff,unremarkable,-1
staff,ongoing,1
staff,greek,0
staff,likeable,1
staff,crazed,-1
staff,fab,1
staff,bustling,-1
staff,french,0
staff,interactive,1
staff,spare,0
staff,minimum,-1
staff,bearable,1
staff,functioning,1
staff,photogenic,1
staff,accommodating,0
staff,approachable,1
staff,no-nonsense,-1
staff,unobtrusive,1
staff,flirtatious,-1
staff,rowdy,-1
staff,sporting,0
staff,cordial,1
staff,familiar,1
staff,frosty,-1
staff,unmotivated,-1
staff,clad,0
staff,uppity,-1
staff,unkempt,-1
staff,normal,0
staff,standing,0
staff,one-eyed,0
staff,wandering,-1
staff,cutest,1
staff,snooty,-1
staff,red,0
staff,definite,1
staff,gluttonous,-1
staff,persian,0
staff,neutral,0
staff,caring,1
staff,custodial,1
staff,prime,0
staff,soft-spoken,1
staff,plain,-1
staff,owner,0
staff,missing,-1
staff,absent,-1
staff,well-groomed,1
staff,gay,0
staff,international,0
staff,flamboyant,-1
staff,alright,1
staff,look-alike,1
staff,geriatric,0
staff,competent,1
staff,unpretentious,1
staff,frequent,0
staff,local,0
staff,final,0
staff,israeli,0
staff,enormous,1
staff,formal,1
staff,a-ok,1
staff,ever-present,1
staff,lax,-1
staff,heated,0
staff,standoffish,-1
staff,juicy,0
staff,reminiscent,1
staff,unprofessional,-1
staff,unfocused,-1
staff,uninformative,-1
staff,unappreciative,-1
staff,british,0
staff,iconic,1
staff,fumbling,-1
staff,surprised,0
staff,cultural,0
staff,salt,0
staff,informational,1
staff,uniform,0
staff,businesslike,1
staff,uninspired,-1
staff,primary,0
staff,brown,0
staff,american,0
staff,talkative,1
staff,english,0
temperature,sacrilegious,0
temperature,outdoor,0
temperature,melted,1
temperature,muggy,-1
transportation,military,0
transportation,tight,-1
transportation,exotic,1
transportation,local,0
transportation,buttery,0
transportation,mexican,0
transportation,rare,-1
transportation,short,-1
transportation,italian,0
transportation,occasional,0
transportation,public,0
vegetables,packed,0
vegetables,substantial,1
vegetables,replete,-1
vegetables,welcoming,1
vegetables,acidic,0
vegetables,coated,0
vegetables,american,0
vegetables,paired,0
vegetables,seared,0
vegetables,saturated,-1
vegetables,whatsoever,0
vegetables,laden,0
vegetables,ruby-red,0
vegetables,runny,0
vegetables,chewy,-1
vegetables,firm,1
vegetables,extensive,1
vegetables,online,0
vegetables,comparable,0
vegetables,combined,0
vegetables,mealy,0
vegetables,purple,0
vegetables,nondescript,-1
vegetables,competent,1
vegetables,accompanying,0
vegetables,rustic,0
vegetables,silky,1
vegetables,bubbling,0
vegetables,olive,0
vegetables,wide,1
vegetables,browned,0
vegetables,daily,0
vegetables,overpowering,-1
vegetables,german,0
vegetables,waiting,-1
vegetables,moist,-1
vegetables,pungent,0
vegetables,missing,-1
vegetables,surprised,0
vegetables,polish,0
vegetables,enormous,1
vegetables,random,0
vegetables,absolute,0
vegetables,specific,0
vegetables,tuscan,0
vegetables,sounding,1
vegetables,typical,0
vegetables,eclectic,1
vegetables,slimy,-1
vegetables,cosmic,0
vegetables,partial,0
vegetables,plain,-1
vegetables,basic,-1
vegetables,italian,0
vegetables,vinegary,0
vegetables,special,1
vegetables,top-secret,0
vegetables,standard,0
vegetables,southwestern,0
vegetables,single,0
vegetables,japanese,0
vegetables,express,0
vegetables,mere,1
vegetables,black,0
vegetables,dry,0
vegetables,green,0
vegetables,occasional,0
vegetables,soggy,0
vegetables,steaming,0
vegetables,unripe,-1
vegetables,pink,0
vegetables,close,1
vegetables,uncooked,-1
vegetables,true,1
vegetables,surprising,1
vegetables,melted,0
vegetables,gooey,-1
vegetables,larger,1
vegetables,hard-boiled,0
vegetables,bold,0
vegetables,plump,0
vegetables,flavorsome,1
vegetables,jumbo,1
vegetables,unaltered,0
vegetables,frequent,0
vegetables,so-so,-1
vegetables,advertised,0
vegetables,mediterranean,0
vegetables,toothsome,0
vegetables,well-done,1
vegetables,preserved,0
vegetables,rancid,-1
vegetables,mongolian,0
vegetables,dehydrated,0
vegetables,homey,1
vegetables,micro,0
vegetables,balsamic,0
vegetables,sliced,0
vegetables,personal,1
vegetables,inedible,-1
vegetables,meaty,0
vegetables,heavy,-1
vegetables,cuban,0
vegetables,hearty,1
vegetables,refrigerated,0
vegetables,boxed,0
vegetables,frank,0
vegetables,serviceable,1
vegetables,multicolored,0
vegetables,coveted,1
vegetables,pedestrian,0
vegetables,halfway,-1
vegetables,earthy,-1
vegetables,live,1
vegetables,citric,0
vegetables,arctic,0
vegetables,liquified,0
vegetables,unimpressive,-1
vegetables,wilted,-1
vegetables,pearly,0
vegetables,zesty,0
vegetables,appetizing,1
vegetables,rubbery,0
vegetables,baked,0
vegetables,canned,0
vegetables,stringy,0
vegetables,plainest,1
vegetables,numerous,1
vegetables,african,0
vegetables,covered,0
vegetables,fishy,0
vegetables,shitty,-1
vegetables,nightly,0
vegetables,tart,-1
vegetables,mixed,0
vegetables,unpronounceable,0
vegetables,humongous,1
vegetables,russian,0
vegetables,salty,0